{
  "seed": 9999,
  "fl_mae": 1.9494426846504211,
  "local_ml_mae": 2.293047994375229,
  "fl_wins": true
}