step,time,intersection_id,total_queue_length,average_waiting_time,north_queue,south_queue,east_queue,west_queue,current_phase,signal_state,green_duration,throughput
0,0,0,1,0.0,0,0,0,1,north_south,GREEN,30,1
0,0,1,1,0.0,0,0,1,0,north_south,GREEN,30,4
0,0,2,3,0.0,0,0,3,0,north_south,GREEN,30,0
0,0,3,0,0.0,0,0,0,0,north_south,GREEN,30,1
1,5,0,1,0.0,0,0,0,1,north_south,GREEN,30,3
1,5,1,8,0.0,0,0,4,4,north_south,GREEN,30,7
1,5,2,5,0.0,0,0,5,0,north_south,GREEN,30,4
1,5,3,0,0.0,0,0,0,0,north_south,GREEN,30,5
2,10,0,2,0.0,0,0,0,2,north_south,GREEN,30,7
2,10,1,13,0.0,0,0,8,5,north_south,GREEN,30,11
2,10,2,6,0.0,0,0,6,0,north_south,GREEN,30,4
2,10,3,4,0.0,0,0,2,2,north_south,GREEN,30,9
3,15,0,3,0.0,0,0,1,2,north_south,GREEN,30,8
3,15,1,16,0.0,0,0,10,6,north_south,GREEN,30,15
3,15,2,7,0.0,0,0,7,0,north_south,GREEN,30,8
3,15,3,4,0.0,0,0,2,2,north_south,GREEN,30,10
4,20,0,4,0.0,0,0,1,3,north_south,GREEN,30,11
4,20,1,19,0.0,0,0,11,8,north_south,GREEN,30,19
4,20,2,10,0.0,0,0,8,2,north_south,GREEN,30,10
4,20,3,5,0.0,0,0,2,3,north_south,GREEN,30,11
5,25,0,6,0.0,0,0,2,4,north_south,YELLOW,30,11
5,25,1,25,0.0,0,0,13,12,north_south,YELLOW,30,24
5,25,2,12,0.0,0,0,9,3,north_south,YELLOW,30,12
5,25,3,6,0.0,0,0,3,3,north_south,YELLOW,30,13
6,30,0,8,0.0,1,0,2,5,east_west,GREEN,30,11
6,30,1,29,0.0,0,2,14,13,east_west,GREEN,30,24
6,30,2,15,0.0,1,2,9,3,east_west,GREEN,30,12
6,30,3,10,0.0,0,0,4,6,east_west,GREEN,30,13
7,35,0,2,6.25,2,0,0,0,east_west,GREEN,30,20
7,35,1,14,12.0,2,3,6,3,east_west,GREEN,30,44
7,35,2,6,8.375,2,4,0,0,east_west,GREEN,30,26
7,35,3,1,6.107142857142858,1,0,0,0,east_west,GREEN,30,25
8,40,0,5,5.3125,3,2,0,0,east_west,GREEN,30,22
8,40,1,8,9.556623931623932,2,6,0,0,east_west,GREEN,30,55
8,40,2,12,6.895833333333333,6,6,0,0,east_west,GREEN,30,29
8,40,3,2,5.75,1,1,0,0,east_west,GREEN,30,26
9,45,0,7,5.0,5,2,0,0,east_west,GREEN,30,23
9,45,1,12,8.657894736842106,4,8,0,0,east_west,GREEN,30,58
9,45,2,14,6.519230769230769,6,8,0,0,east_west,GREEN,30,30
9,45,3,2,4.543650793650794,1,1,0,0,east_west,GREEN,30,29
10,50,0,7,3.75,5,2,0,0,east_west,GREEN,30,26
10,50,1,16,7.391304347826087,6,10,0,0,east_west,GREEN,30,64
10,50,2,15,5.769230769230769,6,9,0,0,east_west,GREEN,30,33
10,50,3,3,4.027777777777778,1,2,0,0,east_west,GREEN,30,31
11,55,0,10,3.321428571428571,7,3,0,0,east_west,GREEN,30,28
11,55,1,25,6.5375,11,14,0,0,east_west,GREEN,30,69
11,55,2,18,5.769230769230769,9,9,0,0,east_west,GREEN,30,33
11,55,3,4,3.6237373737373737,1,3,0,0,east_west,GREEN,30,33
12,60,0,13,3.116883116883117,8,5,0,0,east_west,YELLOW,30,29
12,60,1,27,5.647321428571429,12,15,0,0,east_west,YELLOW,30,76
12,60,2,20,5.196428571428571,11,9,0,0,east_west,YELLOW,30,36
12,60,3,5,3.6237373737373737,1,4,0,0,east_west,YELLOW,30,33
13,65,0,15,3.116883116883117,8,6,1,0,north_south,GREEN,30,29
13,65,1,33,5.647321428571429,13,18,0,2,north_south,GREEN,30,76
13,65,2,21,5.196428571428571,11,9,1,0,north_south,GREEN,30,36
13,65,3,9,3.6237373737373737,2,4,3,0,north_south,GREEN,30,33
14,70,0,3,8.28996003996004,0,0,1,2,north_south,GREEN,30,46
14,70,1,17,11.472890786749483,4,8,1,4,north_south,GREEN,30,96
14,70,2,5,13.738095238095239,4,0,1,0,north_south,GREEN,30,55
14,70,3,6,6.267968142968143,0,0,4,2,north_south,GREEN,30,43
15,75,0,3,8.28996003996004,0,0,1,2,north_south,GREEN,30,46
15,75,1,7,11.425293456543457,0,0,3,4,north_south,GREEN,30,111
15,75,2,1,12.8140756302521,0,0,1,0,north_south,GREEN,30,61
15,75,3,9,5.955468142968143,0,0,5,4,north_south,GREEN,30,45
16,80,0,5,8.28996003996004,0,0,2,3,north_south,GREEN,30,46
16,80,1,11,11.146271008403362,0,0,6,5,north_south,GREEN,30,114
16,80,2,3,12.647408963585434,0,0,1,2,north_south,GREEN,30,62
16,80,3,12,5.852904040404041,0,0,5,7,north_south,GREEN,30,47
17,85,0,5,8.28996003996004,0,0,2,3,north_south,GREEN,30,46
17,85,1,15,10.985556722689076,0,0,8,7,north_south,GREEN,30,116
17,85,2,4,12.495893812070282,0,0,1,3,north_south,GREEN,30,63
17,85,3,15,5.732711732711733,0,0,6,9,north_south,GREEN,30,48
18,90,0,6,8.152597402597403,0,0,3,3,north_south,GREEN,30,47
18,90,1,15,10.756696428571429,0,0,8,7,north_south,GREEN,30,119
18,90,2,7,11.711580086580087,0,0,2,5,north_south,GREEN,30,67
18,90,3,20,5.540404040404041,0,0,7,13,north_south,GREEN,30,50
19,95,0,6,7.830424783549784,0,0,3,3,north_south,YELLOW,30,49
19,95,1,21,10.470453384056325,0,0,12,9,north_south,YELLOW,30,123
19,95,2,7,11.57324016563147,0,0,2,5,north_south,YELLOW,30,68
19,95,3,22,5.462279040404041,0,0,9,13,north_south,YELLOW,30,51
20,100,0,8,7.830424783549784,1,0,4,3,east_west,GREEN,30,49
20,100,1,30,10.470453384056325,3,2,14,11,east_west,GREEN,30,123
20,100,2,14,11.57324016563147,3,2,3,6,east_west,GREEN,30,68
20,100,3,24,5.462279040404041,0,0,10,14,east_west,GREEN,30,51
21,105,0,3,10.192708333333334,3,0,0,0,east_west,GREEN,30,58
21,105,1,15,12.179943100995732,7,2,5,1,east_west,GREEN,30,143
21,105,2,7,12.39074348274779,4,3,0,0,east_west,GREEN,30,80
21,105,3,11,9.965108082706767,1,1,2,7,east_west,GREEN,30,71
22,110,0,7,10.0,5,2,0,0,east_west,GREEN,30,59
22,110,1,12,11.874719257072199,8,4,0,0,east_west,GREEN,30,151
22,110,2,8,12.078200483091788,5,3,0,0,east_west,GREEN,30,82
22,110,3,4,9.442708333333334,1,3,0,0,east_west,GREEN,30,80
23,115,0,10,9.494524572649574,7,3,0,0,east_west,GREEN,30,62
23,115,1,18,11.728147153053285,13,5,0,0,east_west,GREEN,30,153
23,115,2,10,12.078200483091788,6,4,0,0,east_west,GREEN,30,82
23,115,3,8,9.26954816017316,3,5,0,0,east_west,GREEN,30,81
24,120,0,14,9.33655753968254,9,5,0,0,east_west,GREEN,30,63
24,120,1,19,11.28947810933105,14,5,0,0,east_west,GREEN,30,158
24,120,2,12,11.742973210364514,7,5,0,0,east_west,GREEN,30,84
24,120,3,13,9.138698406478579,4,9,0,0,east_west,GREEN,30,82
25,125,0,16,9.33655753968254,11,5,0,0,east_west,GREEN,30,63
25,125,1,25,11.208548622151563,16,9,0,0,east_west,GREEN,30,159
25,125,2,13,11.636979058317731,7,6,0,0,east_west,GREEN,30,85
25,125,3,14,9.138698406478579,5,9,0,0,east_west,GREEN,30,82
26,130,0,16,8.832589285714286,11,5,0,0,east_west,YELLOW,30,67
26,130,1,27,10.772770618538193,16,11,0,0,east_west,YELLOW,30,166
26,130,2,13,11.541584321475625,7,6,0,0,east_west,YELLOW,30,86
26,130,3,16,8.579257847038019,6,10,0,0,east_west,YELLOW,30,86
27,135,0,19,8.832589285714286,11,7,1,0,north_south,GREEN,30,67
27,135,1,36,10.772770618538193,17,15,2,2,north_south,GREEN,30,166
27,135,2,14,11.541584321475625,8,6,0,0,north_south,GREEN,30,86
27,135,3,18,8.579257847038019,7,11,0,0,north_south,GREEN,30,86
28,140,0,8,11.308732933732934,3,0,4,1,north_south,GREEN,30,84
28,140,1,24,12.899590307153876,8,7,7,2,north_south,GREEN,30,186
28,140,2,0,13.530961496687302,0,0,0,0,north_south,GREEN,30,100
28,140,3,2,11.710121774776947,0,2,0,0,north_south,GREEN,30,103
29,145,0,6,10.695752164502164,0,0,4,2,north_south,GREEN,30,90
29,145,1,11,13.032971996386632,0,0,9,2,north_south,GREEN,30,201
29,145,2,1,12.857954545454545,0,0,1,0,north_south,GREEN,30,105
29,145,3,4,11.263857835350315,0,0,3,1,north_south,GREEN,30,109
30,150,0,7,10.579645445134576,0,0,4,3,north_south,GREEN,30,91
30,150,1,13,12.718644511006513,0,0,11,2,north_south,GREEN,30,206
30,150,2,3,12.188131313131313,0,0,3,0,north_south,GREEN,30,111
30,150,3,4,10.880422062724294,0,0,3,1,north_south,GREEN,30,114
31,155,0,7,10.24343487394958,0,0,4,3,north_south,GREEN,30,94
31,155,1,15,12.560749774164407,0,0,11,4,north_south,GREEN,30,209
31,155,2,3,11.898518857303687,0,0,3,0,north_south,GREEN,30,114
31,155,3,6,10.880422062724294,0,0,4,2,north_south,GREEN,30,114
32,160,0,10,10.040476190476191,0,0,6,4,north_south,GREEN,30,96
32,160,1,16,12.273917101083857,0,0,12,4,north_south,GREEN,30,214
32,160,2,3,11.625777000777001,0,0,3,0,north_south,GREEN,30,117
32,160,3,8,10.880422062724294,0,0,5,3,north_south,GREEN,30,114
33,165,0,11,9.668136687873531,0,0,6,5,north_south,YELLOW,30,100
33,165,1,18,12.111866265958867,0,0,14,4,north_south,YELLOW,30,217
33,165,2,5,11.540379102879102,0,0,3,2,north_south,YELLOW,30,118
33,165,3,10,10.812144751799924,0,0,5,5,north_south,YELLOW,30,115
34,170,0,16,9.668136687873531,2,0,8,6,east_west,GREEN,30,100
34,170,1,21,12.111866265958867,2,0,14,5,east_west,GREEN,30,217
34,170,2,10,11.540379102879102,1,1,5,3,east_west,GREEN,30,118
34,170,3,16,10.812144751799924,1,1,7,7,east_west,GREEN,30,115
35,175,0,4,11.373163142899985,3,0,1,0,east_west,GREEN,30,116
35,175,1,9,13.263291432692803,4,1,4,0,east_west,GREEN,30,233
35,175,2,3,11.660932462562897,2,1,0,0,east_west,GREEN,30,127
35,175,3,4,10.842261904761905,1,3,0,0,east_west,GREEN,30,132
36,180,0,5,10.813970021206861,4,1,0,0,east_west,GREEN,30,122
36,180,1,10,13.28140737472179,6,4,0,0,east_west,GREEN,30,238
36,180,2,7,11.542397979804276,4,3,0,0,east_west,GREEN,30,128
36,180,3,6,10.321428571428571,2,4,0,0,east_west,GREEN,30,138
37,185,0,6,10.720066080320164,5,1,0,0,east_west,GREEN,30,123
37,185,1,12,13.124402543803914,8,4,0,0,east_west,GREEN,30,241
37,185,2,13,11.354773042273044,5,8,0,0,east_west,GREEN,30,130
37,185,3,8,10.158826945412311,4,4,0,0,east_west,GREEN,30,140
38,190,0,6,10.720066080320164,5,1,0,0,east_west,GREEN,30,123
38,190,1,16,12.956991116419083,10,6,0,0,east_west,GREEN,30,244
38,190,2,14,11.180445085283795,6,8,0,0,east_west,GREEN,30,132
38,190,3,9,10.016550522648084,5,4,0,0,east_west,GREEN,30,142
39,195,0,8,10.401361796098637,7,1,0,0,east_west,GREEN,30,127
39,195,1,20,12.75313669381466,11,9,0,0,east_west,GREEN,30,248
39,195,2,14,10.901276018463518,6,8,0,0,east_west,GREEN,30,136
39,195,3,10,10.016550522648084,5,5,0,0,east_west,GREEN,30,142
40,200,0,15,10.31937254878681,10,5,0,0,east_west,YELLOW,30,128
40,200,1,24,12.627086273646592,12,12,0,0,east_west,YELLOW,30,250
40,200,2,15,10.591123616985685,7,8,0,0,east_west,YELLOW,30,140
40,200,3,13,9.941056910569106,6,7,0,0,east_west,YELLOW,30,143
41,205,0,18,10.31937254878681,10,6,0,2,north_south,GREEN,30,128
41,205,1,30,12.627086273646592,13,14,2,1,north_south,GREEN,30,250
41,205,2,19,10.591123616985685,9,9,0,1,north_south,GREEN,30,140
41,205,3,21,9.941056910569106,8,8,3,2,north_south,GREEN,30,143
42,210,0,2,10.994241813294233,0,0,0,2,north_south,GREEN,30,144
42,210,1,16,13.597080231193674,5,4,5,2,north_south,GREEN,30,270
42,210,2,1,11.583092595989239,0,0,0,1,north_south,GREEN,30,159
42,210,3,8,11.34355363864723,0,0,5,3,north_south,GREEN,30,159
43,215,0,3,10.851778578000115,0,0,1,2,north_south,GREEN,30,146
43,215,1,9,13.412697016605685,0,0,7,2,north_south,GREEN,30,281
43,215,2,2,11.507093446329375,0,0,0,2,north_south,GREEN,30,160
43,215,3,10,11.268910144886089,0,0,6,4,north_south,GREEN,30,160
44,220,0,4,10.786652527579946,0,0,2,2,north_south,GREEN,30,147
44,220,1,9,13.243673605805958,0,0,7,2,north_south,GREEN,30,285
44,220,2,3,11.507093446329375,0,0,0,3,north_south,GREEN,30,160
44,220,3,11,11.131803663815859,0,0,7,4,north_south,GREEN,30,162
45,225,0,8,10.70905899016498,0,0,3,5,north_south,GREEN,30,148
45,225,1,12,13.112186378195313,0,0,8,4,north_south,GREEN,30,288
45,225,2,5,11.431184758386113,0,0,2,3,north_south,GREEN,30,161
45,225,3,11,11.068041037553233,0,0,7,4,north_south,GREEN,30,163
46,230,0,9,10.308274300970588,0,0,4,5,north_south,GREEN,30,154
46,230,1,16,13.030026353667852,0,0,9,7,north_south,GREEN,30,290
46,230,2,8,11.358374384236452,0,0,4,4,north_south,GREEN,30,162
46,230,3,12,11.00157278358498,0,0,7,5,north_south,GREEN,30,164
47,235,0,9,10.087413109590528,0,0,4,5,north_south,YELLOW,30,158
47,235,1,20,12.871653095828131,0,0,12,8,north_south,YELLOW,30,294
47,235,2,11,11.288476425052778,0,0,7,4,north_south,YELLOW,30,163
47,235,3,14,10.879131263117143,0,0,7,7,north_south,YELLOW,30,166
48,240,0,12,10.087413109590528,2,1,4,5,east_west,GREEN,30,158
48,240,1,29,12.871653095828131,2,3,12,12,east_west,GREEN,30,294
48,240,2,12,11.288476425052778,0,1,7,4,east_west,GREEN,30,163
48,240,3,16,10.879131263117143,1,0,7,8,east_west,GREEN,30,166
49,245,0,5,11.006091617933723,3,2,0,0,east_west,GREEN,30,168
49,245,1,14,13.548305636694419,3,3,4,4,east_west,GREEN,30,314
49,245,2,2,11.828641001855289,1,1,0,0,east_west,GREEN,30,178
49,245,3,2,12.180336257309943,2,0,0,0,east_west,GREEN,30,181
50,250,0,8,10.792636386386386,6,2,0,0,east_west,GREEN,30,171
50,250,1,7,13.12962051204363,3,4,0,0,east_west,GREEN,30,328
50,250,2,3,11.773085446299733,1,2,0,0,east_west,GREEN,30,179
50,250,3,3,11.970354572328256,2,1,0,0,east_west,GREEN,30,184
51,255,0,8,10.520884208384208,6,2,0,0,east_west,GREEN,30,175
51,255,1,10,13.050411446363704,4,6,0,0,east_west,GREEN,30,330
51,255,2,3,11.609508891275809,1,2,0,0,east_west,GREEN,30,182
51,255,3,5,11.906403193518386,3,2,0,0,east_west,GREEN,30,185
52,260,0,10,10.466205360100709,8,2,0,0,east_west,GREEN,30,176
52,260,1,14,13.012057582981845,8,6,0,0,east_west,GREEN,30,331
52,260,2,4,11.503700543762656,1,3,0,0,east_west,GREEN,30,184
52,260,3,6,11.636861414542647,3,3,0,0,east_west,GREEN,30,189
53,265,0,12,10.270757561980966,8,4,0,0,east_west,GREEN,30,180
53,265,1,18,12.974502758420442,11,7,0,0,east_west,GREEN,30,332
53,265,2,6,11.393872645211932,3,3,0,0,east_west,GREEN,30,186
53,265,3,7,11.397565093288778,4,3,0,0,east_west,GREEN,30,193
54,270,0,12,10.270757561980966,8,4,0,0,east_west,YELLOW,30,180
54,270,1,20,12.932249237293682,13,7,0,0,east_west,YELLOW,30,333
54,270,2,8,11.175355956336022,4,4,0,0,east_west,YELLOW,30,191
54,270,3,9,11.118471466021376,6,3,0,0,east_west,YELLOW,30,198
55,275,0,14,10.270757561980966,8,5,0,1,north_south,GREEN,30,180
55,275,1,29,12.932249237293682,15,11,0,3,north_south,GREEN,30,333
55,275,2,11,11.175355956336022,4,5,1,1,north_south,GREEN,30,191
55,275,3,13,11.118471466021376,8,4,1,0,north_south,GREEN,30,198
56,280,0,3,11.218412878587896,0,0,1,2,north_south,GREEN,30,193
56,280,1,15,13.533722619792142,5,2,3,5,north_south,GREEN,30,353
56,280,2,2,11.220091577857358,0,0,1,1,north_south,GREEN,30,203
56,280,3,1,11.52980709023,0,0,1,0,north_south,GREEN,30,213
57,285,0,5,11.027936688111705,0,0,2,3,north_south,GREEN,30,197
57,285,1,11,13.394141680893442,0,0,4,7,north_south,GREEN,30,363
57,285,2,4,11.155968201233982,0,0,3,1,north_south,GREEN,30,204
57,285,3,8,11.47466003140647,0,0,3,5,north_south,GREEN,30,214
58,290,0,8,10.90431031448533,0,0,3,5,north_south,GREEN,30,200
58,290,1,17,13.394141680893442,0,0,6,11,north_south,GREEN,30,363
58,290,2,8,11.094094767650022,0,0,4,4,north_south,GREEN,30,205
58,290,3,10,11.229160849737076,0,0,5,5,north_south,GREEN,30,219
59,295,0,11,10.90431031448533,0,0,5,6,north_south,GREEN,30,200
59,295,1,21,13.250454812206574,0,0,8,13,north_south,GREEN,30,367
59,295,2,12,10.8550268135743,0,0,5,7,north_south,GREEN,30,209
59,295,3,11,11.103286723862949,0,0,5,6,north_south,GREEN,30,222
60,300,0,12,10.7671199958434,0,0,5,7,north_south,GREEN,30,203
60,300,1,24,13.219885505275881,0,0,10,14,north_south,GREEN,30,368
60,300,2,13,10.8550268135743,0,0,6,7,north_south,GREEN,30,209
60,300,3,13,11.026731699939504,0,0,6,7,north_south,GREEN,30,224
61,305,0,14,10.706666126795781,0,0,7,7,north_south,YELLOW,30,204
61,305,1,27,13.113938903334132,0,0,11,16,north_south,YELLOW,30,371
61,305,2,15,10.741521066447863,0,0,7,8,north_south,YELLOW,30,211
61,305,3,13,10.973665662203654,0,0,6,7,north_south,YELLOW,30,225
62,310,0,20,10.706666126795781,1,2,9,8,east_west,GREEN,30,204
62,310,1,33,13.113938903334132,0,1,15,17,east_west,GREEN,30,371
62,310,2,22,10.741521066447863,2,2,9,9,east_west,GREEN,30,211
62,310,3,15,10.973665662203654,0,2,6,7,east_west,GREEN,30,225
63,315,0,7,11.520582054093568,1,5,1,0,east_west,GREEN,30,223
63,315,1,16,14.01671027328456,1,2,5,8,east_west,GREEN,30,391
63,315,2,8,11.673902036030274,3,4,0,1,east_west,GREEN,30,231
63,315,3,3,11.720313725775494,1,2,0,0,east_west,GREEN,30,238
64,320,0,6,11.325919550376646,1,5,0,0,east_west,GREEN,30,227
64,320,1,7,13.904199349320693,3,4,0,0,east_west,GREEN,30,408
64,320,2,9,11.569048536209554,3,6,0,0,east_west,GREEN,30,234
64,320,3,6,11.720313725775494,2,4,0,0,east_west,GREEN,30,238
65,325,0,8,11.144787474904948,2,6,0,0,east_west,GREEN,30,230
65,325,1,8,13.720063038495981,4,4,0,0,east_west,GREEN,30,413
65,325,2,11,11.441111620974251,5,6,0,0,east_west,GREEN,30,237
65,325,3,9,11.614815491371008,5,4,0,0,east_west,GREEN,30,240
66,330,0,10,10.893389071637428,3,7,0,0,east_west,GREEN,30,235
66,330,1,11,13.582494738864915,7,4,0,0,east_west,GREEN,30,417
66,330,2,12,11.361346516007533,5,7,0,0,east_west,GREEN,30,239
66,330,3,10,11.512515719470025,5,5,0,0,east_west,GREEN,30,242
67,335,0,11,10.76972340022865,4,7,0,0,east_west,GREEN,30,238
67,335,1,13,13.51725455438078,8,5,0,0,east_west,GREEN,30,419
67,335,2,15,11.167881370470848,8,7,0,0,east_west,GREEN,30,244
67,335,3,13,11.463679020611377,6,7,0,0,east_west,GREEN,30,243
68,340,0,12,10.699158884099617,5,7,0,0,east_west,YELLOW,30,240
68,340,1,14,13.327417775511302,9,5,0,0,east_west,YELLOW,30,425
68,340,2,16,11.167881370470848,8,8,0,0,east_west,YELLOW,30,244
68,340,3,13,11.370191625653394,6,7,0,0,east_west,YELLOW,30,245
69,345,0,14,10.699158884099617,5,7,2,0,north_south,GREEN,30,240
69,345,1,19,13.327417775511302,9,5,4,1,north_south,GREEN,30,425
69,345,2,23,11.167881370470848,10,9,4,0,north_south,GREEN,30,244
69,345,3,21,11.370191625653394,9,9,3,0,north_south,GREEN,30,245
70,350,0,2,11.498247851880512,0,0,2,0,north_south,GREEN,30,253
70,350,1,9,13.617518574583677,2,0,4,3,north_south,GREEN,30,442
70,350,2,4,11.885899933828396,0,0,4,0,north_south,GREEN,30,264
70,350,3,6,12.04594700490223,0,0,5,1,north_south,GREEN,30,265
71,355,0,5,11.456645189310107,0,0,3,2,north_south,GREEN,30,254
71,355,1,9,13.544090133936743,0,0,4,5,north_south,GREEN,30,445
71,355,2,7,11.781523676283124,0,0,5,2,north_south,GREEN,30,266
71,355,3,9,11.92697321926262,0,0,5,4,north_south,GREEN,30,268
72,360,0,7,11.400485769020252,0,0,4,3,north_south,GREEN,30,255
72,360,1,12,13.395365426042757,0,0,7,5,north_south,GREEN,30,450
72,360,2,8,11.72946130203765,0,0,6,2,north_south,GREEN,30,267
72,360,3,9,11.893329326923077,0,0,5,4,north_south,GREEN,30,269
73,365,0,9,11.34590830423152,0,0,5,4,north_south,GREEN,30,256
73,365,1,16,13.253596440981983,0,0,10,6,north_south,GREEN,30,455
73,365,2,10,11.629451521129983,0,0,8,2,north_south,GREEN,30,269
73,365,3,10,11.860633149860703,0,0,6,4,north_south,GREEN,30,270
74,370,0,10,11.213481800766283,0,0,6,4,north_south,GREEN,30,259
74,370,1,18,13.14309297641914,0,0,12,6,north_south,GREEN,30,459
74,370,2,12,11.532323142751604,0,0,9,3,north_south,GREEN,30,271
74,370,3,12,11.750752671985548,0,0,6,6,north_south,GREEN,30,273
75,375,0,12,11.087247248641065,0,0,8,4,north_south,YELLOW,30,262
75,375,1,21,13.116214386138129,0,0,14,7,north_south,YELLOW,30,460
75,375,2,16,11.532323142751604,0,0,9,7,north_south,YELLOW,30,271
75,375,3,14,11.630544929052393,0,0,8,6,north_south,YELLOW,30,276
76,380,0,15,11.087247248641065,0,1,9,5,east_west,GREEN,30,262
76,380,1,27,13.116214386138129,2,1,15,9,east_west,GREEN,30,460
76,380,2,18,11.532323142751604,1,0,9,8,east_west,GREEN,30,271
76,380,3,18,11.630544929052393,3,1,8,6,east_west,GREEN,30,276
77,385,0,2,11.621489734661568,1,1,0,0,east_west,GREEN,30,278
77,385,1,13,13.62755971961153,5,3,5,0,east_west,GREEN,30,479
77,385,2,2,12.293068230568231,1,1,0,0,east_west,GREEN,30,289
77,385,3,9,12.224409397916862,5,4,0,0,east_west,GREEN,30,292
78,390,0,6,11.53271132557066,3,3,0,0,east_west,GREEN,30,280
78,390,1,14,13.604093068492126,6,8,0,0,east_west,GREEN,30,485
78,390,2,4,12.22051019159228,2,2,0,0,east_west,GREEN,30,291
78,390,3,12,12.173733722241185,8,4,0,0,east_west,GREEN,30,293
79,395,0,6,11.53271132557066,3,3,0,0,east_west,GREEN,30,280
79,395,1,17,13.545668115717021,8,9,0,0,east_west,GREEN,30,487
79,395,2,10,12.18257607929108,5,5,0,0,east_west,GREEN,30,292
79,395,3,13,12.12440939791686,9,4,0,0,east_west,GREEN,30,294
80,400,0,7,11.498702316561648,4,3,0,0,east_west,GREEN,30,281
80,400,1,18,13.488187564499485,8,10,0,0,east_west,GREEN,30,489
80,400,2,12,12.045165636651143,7,5,0,0,east_west,GREEN,30,296
80,400,3,15,12.082012448874341,9,6,0,0,east_west,GREEN,30,295
81,405,0,11,11.349778201461064,5,6,0,0,east_west,GREEN,30,285
81,405,1,19,13.32278562786276,8,11,0,0,east_west,GREEN,30,495
81,405,2,12,11.816659744415231,7,5,0,0,east_west,GREEN,30,303
81,405,3,15,12.082012448874341,9,6,0,0,east_west,GREEN,30,295
82,410,0,12,11.278389658205514,5,7,0,0,east_west,YELLOW,30,287
82,410,1,19,13.190277027462576,8,11,0,0,east_west,YELLOW,30,500
82,410,2,15,11.816659744415231,9,6,0,0,east_west,YELLOW,30,303
82,410,3,20,11.992649107768413,11,9,0,0,east_west,YELLOW,30,297
83,415,0,18,11.278389658205514,7,7,0,4,north_south,GREEN,30,287
83,415,1,26,13.190277027462576,8,14,2,2,north_south,GREEN,30,500
83,415,2,19,11.816659744415231,10,8,1,0,north_south,GREEN,30,303
83,415,3,25,11.992649107768413,13,9,2,1,north_south,GREEN,30,297
84,420,0,8,11.579024462855985,0,0,1,7,north_south,GREEN,30,304
84,420,1,14,13.83032901708999,0,9,2,3,north_south,GREEN,30,519
84,420,2,4,12.175898556397946,1,0,2,1,north_south,GREEN,30,321
84,420,3,7,13.029096177944862,3,0,3,1,north_south,GREEN,30,316
85,425,0,11,11.49825550187869,0,0,2,9,north_south,GREEN,30,306
85,425,1,13,13.636928671279602,0,1,6,6,north_south,GREEN,30,532
85,425,2,4,12.058324602043944,0,0,3,1,north_south,GREEN,30,324
85,425,3,5,12.913635980247822,0,0,4,1,north_south,GREEN,30,322
86,430,0,14,11.387644196780597,0,0,5,9,north_south,GREEN,30,309
86,430,1,13,13.597694694106645,0,0,6,7,north_south,GREEN,30,534
86,430,2,8,12.0154324451812,0,0,5,3,north_south,GREEN,30,325
86,430,3,7,12.881715653383676,0,0,5,2,north_south,GREEN,30,323
87,435,0,14,11.387644196780597,0,0,5,9,north_south,GREEN,30,309
87,435,1,18,13.52495284744732,0,0,9,9,north_south,GREEN,30,537
87,435,2,9,12.0154324451812,0,0,6,3,north_south,GREEN,30,325
87,435,3,10,12.841144410280787,0,0,6,4,north_south,GREEN,30,324
88,440,0,15,11.3426471353642,0,0,6,9,north_south,GREEN,30,310
88,440,1,21,13.499733892176753,0,0,11,10,north_south,GREEN,30,538
88,440,2,10,11.930687809024692,0,0,7,3,north_south,GREEN,30,327
88,440,3,12,12.841144410280787,0,0,7,5,north_south,GREEN,30,324
89,445,0,16,11.3426471353642,0,0,7,9,north_south,YELLOW,30,310
89,445,1,26,13.476665390456393,0,0,15,11,north_south,YELLOW,30,539
89,445,2,13,11.84975493376042,0,0,9,4,north_south,YELLOW,30,329
89,445,3,14,12.680770727221278,0,0,9,5,north_south,YELLOW,30,329
90,450,0,21,11.3426471353642,0,3,7,11,east_west,GREEN,30,310
90,450,1,31,13.476665390456393,1,1,16,13,east_west,GREEN,30,539
90,450,2,16,11.84975493376042,2,1,9,4,east_west,GREEN,30,329
90,450,3,18,12.680770727221278,1,1,11,5,east_west,GREEN,30,329
91,455,0,9,12.297524159783084,0,6,0,3,east_west,GREEN,30,328
91,455,1,18,13.996249232231861,4,4,7,3,east_west,GREEN,30,559
91,455,2,4,12.31843208874459,3,1,0,0,east_west,GREEN,30,343
91,455,3,5,13.01261737848255,2,2,1,0,east_west,GREEN,30,346
92,460,0,8,12.162315209112311,1,7,0,0,east_west,GREEN,30,333
92,460,1,14,13.83878883626101,7,7,0,0,east_west,GREEN,30,574
92,460,2,5,12.257579622758193,3,2,0,0,east_west,GREEN,30,345
92,460,3,9,12.869206525769373,5,4,0,0,east_west,GREEN,30,350
93,465,0,8,12.10290671111412,1,7,0,0,east_west,GREEN,30,335
93,465,1,21,13.767722813619024,11,10,0,0,east_west,GREEN,30,577
93,465,2,9,12.197812238930661,5,4,0,0,east_west,GREEN,30,347
93,465,3,10,12.674353630542468,6,4,0,0,east_west,GREEN,30,355
94,470,0,10,11.958614010304784,2,8,0,0,east_west,GREEN,30,339
94,470,1,28,13.695575722567268,12,16,0,0,east_west,GREEN,30,580
94,470,2,10,12.168898097516518,6,4,0,0,east_west,GREEN,30,348
94,470,3,11,12.59981506901548,7,4,0,0,east_west,GREEN,30,357
95,475,0,11,11.921859131930018,2,9,0,0,east_west,GREEN,30,340
95,475,1,30,13.647264006976236,14,16,0,0,east_west,GREEN,30,582
95,475,2,14,12.140556513358103,6,8,0,0,east_west,GREEN,30,349
95,475,3,14,12.492090807312811,8,6,0,0,east_west,GREEN,30,360
96,480,0,14,11.885939591700133,3,11,0,0,east_west,YELLOW,30,341
96,480,1,35,13.625130016468752,18,17,0,0,east_west,YELLOW,30,583
96,480,2,15,12.054572265969325,6,9,0,0,east_west,YELLOW,30,352
96,480,3,14,12.455495412575969,8,6,0,0,east_west,YELLOW,30,361
97,485,0,19,11.885939591700133,3,13,2,1,north_south,GREEN,30,341
97,485,1,43,13.625130016468752,20,20,1,2,north_south,GREEN,30,583
97,485,2,20,12.054572265969325,8,10,0,2,north_south,GREEN,30,352
97,485,3,14,12.455495412575969,8,6,0,0,north_south,GREEN,30,361
98,490,0,9,12.442528735632184,0,3,4,2,north_south,GREEN,30,355
98,490,1,30,14.218172361116522,12,12,3,3,north_south,GREEN,30,603
98,490,2,4,12.412636187863034,0,1,0,3,north_south,GREEN,30,370
98,490,3,2,12.96332548986429,2,0,0,0,north_south,GREEN,30,378
99,495,0,6,12.34183429118774,0,0,4,2,north_south,GREEN,30,361
99,495,1,13,14.343536423418666,4,3,3,3,north_south,GREEN,30,623
99,495,2,4,12.348757456570006,0,0,0,4,north_south,GREEN,30,372
99,495,3,1,12.930500709466695,0,0,0,1,north_south,GREEN,30,380
100,500,0,7,12.228250447250215,0,0,4,3,north_south,GREEN,30,364
100,500,1,12,14.223824411244717,0,0,7,5,north_south,GREEN,30,632
100,500,2,6,12.311412621728854,0,0,1,5,north_south,GREEN,30,373
100,500,3,3,12.930500709466695,0,0,1,2,north_south,GREEN,30,380
101,505,0,9,12.188144329896907,0,0,5,4,north_south,GREEN,30,365
101,505,1,16,14.15731754884074,0,0,9,7,north_south,GREEN,30,635
101,505,2,7,12.311412621728854,0,0,2,5,north_south,GREEN,30,373
101,505,3,6,12.902760368047108,0,0,1,5,north_south,GREEN,30,381
102,510,0,10,12.080566646948634,0,0,5,5,north_south,GREEN,30,368
102,510,1,17,14.008340354369185,0,0,9,8,north_south,GREEN,30,642
102,510,2,8,12.238963642137017,0,0,2,6,north_south,GREEN,30,375
102,510,3,8,12.800309298369166,0,0,2,6,north_south,GREEN,30,384
103,515,0,11,11.984856630824373,0,0,5,6,north_south,YELLOW,30,371
103,515,1,19,14.008340354369185,0,0,10,9,north_south,YELLOW,30,642
103,515,2,8,12.238963642137017,0,0,2,6,north_south,YELLOW,30,375
103,515,3,8,12.800309298369166,0,0,2,6,north_south,YELLOW,30,384
104,520,0,16,11.984856630824373,2,0,5,9,east_west,GREEN,30,371
104,520,1,24,14.008340354369185,2,0,11,11,east_west,GREEN,30,642
104,520,2,14,12.238963642137017,2,2,2,8,east_west,GREEN,30,375
104,520,3,10,12.800309298369166,1,0,2,7,east_west,GREEN,30,384
105,525,0,3,12.387007842186112,3,0,0,0,east_west,GREEN,30,386
105,525,1,8,14.342343481355162,3,0,3,2,east_west,GREEN,30,662
105,525,2,5,12.600330823768504,2,3,0,0,east_west,GREEN,30,387
105,525,3,4,12.915638990028437,2,2,0,0,east_west,GREEN,30,394
106,530,0,4,12.354540309718578,3,1,0,0,east_west,GREEN,30,387
106,530,1,6,14.241323847093078,3,3,0,0,east_west,GREEN,30,669
106,530,2,7,12.570759853439714,2,5,0,0,east_west,GREEN,30,388
106,530,3,6,12.915638990028437,3,3,0,0,east_west,GREEN,30,394
107,535,0,5,12.322722127900397,3,2,0,0,east_west,GREEN,30,388
107,535,1,10,14.19668098995022,7,3,0,0,east_west,GREEN,30,671
107,535,2,8,12.544529911630509,3,5,0,0,east_west,GREEN,30,389
107,535,3,9,12.88020815102617,5,4,0,0,east_west,GREEN,30,395
108,540,0,7,12.292842741935484,3,4,0,0,east_west,GREEN,30,389
108,540,1,12,14.153182821452052,9,3,0,0,east_west,GREEN,30,673
108,540,2,9,12.51878570948444,4,5,0,0,east_west,GREEN,30,390
108,540,3,12,12.88020815102617,7,5,0,0,east_west,GREEN,30,395
109,545,0,9,12.292842741935484,5,4,0,0,east_west,GREEN,30,389
109,545,1,16,14.007859593905463,13,3,0,0,east_west,GREEN,30,680
109,545,2,9,12.411553142304179,4,5,0,0,east_west,GREEN,30,394
109,545,3,14,12.778083968019635,8,6,0,0,east_west,GREEN,30,398
110,550,0,11,12.234913320166777,6,5,0,0,east_west,YELLOW,30,391
110,550,1,17,13.947756066298101,13,4,0,0,east_west,YELLOW,30,683
110,550,2,10,12.411553142304179,5,5,0,0,east_west,YELLOW,30,394
110,550,3,14,12.745364569580648,8,6,0,0,east_west,YELLOW,30,399
111,555,0,13,12.234913320166777,6,5,0,2,north_south,GREEN,30,391
111,555,1,23,13.947756066298101,14,6,1,2,north_south,GREEN,30,683
111,555,2,15,12.411553142304179,6,6,0,3,north_south,GREEN,30,394
111,555,3,20,12.745364569580648,9,8,3,0,north_south,GREEN,30,399
112,560,0,4,12.466932999614942,0,0,1,3,north_south,GREEN,30,404
112,560,1,11,14.142616488070857,6,0,3,2,north_south,GREEN,30,700
112,560,2,3,12.768260645229248,0,0,0,3,north_south,GREEN,30,406
112,560,3,7,13.117990885674658,0,0,5,2,north_south,GREEN,30,417
113,565,0,6,12.315528596759805,0,0,2,4,north_south,GREEN,30,409
113,565,1,10,14.048146973930745,0,0,5,5,north_south,GREEN,30,710
113,565,2,6,12.661905739483402,0,0,1,5,north_south,GREEN,30,409
113,565,3,8,13.056881360279418,0,0,6,2,north_south,GREEN,30,419
114,570,0,8,12.221696160981876,0,0,4,4,north_south,GREEN,30,412
114,570,1,15,13.989411828027329,0,0,8,7,north_south,GREEN,30,713
114,570,2,7,12.587669314144033,0,0,2,5,north_south,GREEN,30,411
114,570,3,11,13.023169239067297,0,0,7,4,north_south,GREEN,30,420
115,575,0,10,12.188729128014844,0,0,4,6,north_south,GREEN,30,413
115,575,1,20,13.93230941218748,0,0,10,10,north_south,GREEN,30,716
115,575,2,9,12.55161162183634,0,0,2,7,north_south,GREEN,30,412
115,575,3,15,12.990124684611851,0,0,9,6,north_south,GREEN,30,421
116,580,0,12,12.188729128014844,0,0,5,7,north_south,GREEN,30,413
116,580,1,24,13.85814785639401,0,0,13,11,north_south,GREEN,30,720
116,580,2,10,12.518482162101378,0,0,2,8,north_south,GREEN,30,413
116,580,3,17,12.963867984626338,0,0,10,7,north_south,GREEN,30,422
117,585,0,15,12.11360845223045,0,0,8,7,north_south,YELLOW,30,416
117,585,1,26,13.820169395606772,0,0,13,13,north_south,YELLOW,30,722
117,585,2,12,12.454014024238745,0,0,4,8,north_south,YELLOW,30,415
117,585,3,18,12.963867984626338,0,0,11,7,north_south,YELLOW,30,422
118,590,0,16,12.11360845223045,0,0,8,8,east_west,GREEN,30,416
118,590,1,31,13.820169395606772,2,1,13,15,east_west,GREEN,30,722
118,590,2,15,12.454014024238745,0,1,6,8,east_west,GREEN,30,415
118,590,3,25,12.963867984626338,1,3,13,8,east_west,GREEN,30,422
119,595,0,2,12.522313118583364,2,0,0,0,east_west,GREEN,30,432
119,595,1,16,14.217205218105436,2,2,4,8,east_west,GREEN,30,742
119,595,2,2,12.770367770367772,0,1,0,1,east_west,GREEN,30,434
119,595,3,9,13.476736969083058,2,4,3,0,east_west,GREEN,30,441
120,600,0,2,12.463648698115307,2,0,0,0,east_west,GREEN,30,434
120,600,1,11,14.130441100892558,6,3,0,2,east_west,GREEN,30,757
120,600,2,2,12.726738407431478,1,1,0,0,east_west,GREEN,30,436
120,600,3,9,13.363007063418205,4,5,0,0,east_west,GREEN,30,447
121,605,0,3,12.383997041360846,2,1,0,0,east_west,GREEN,30,437
121,605,1,11,14.069123813038384,7,4,0,0,east_west,GREEN,30,761
121,605,2,2,12.70441697886005,1,1,0,0,east_west,GREEN,30,437
121,605,3,12,13.273183558725673,5,7,0,0,east_west,GREEN,30,450
122,610,0,4,12.358403265767071,3,1,0,0,east_west,GREEN,30,438
122,610,1,12,13.995687871471254,8,4,0,0,east_west,GREEN,30,765
122,610,2,5,12.682464499521206,2,3,0,0,east_west,GREEN,30,438
122,610,3,12,13.273183558725673,5,7,0,0,east_west,GREEN,30,450
123,615,0,5,12.27272432831061,3,2,0,0,east_west,GREEN,30,441
123,615,1,17,13.96081533659872,11,6,0,0,east_west,GREEN,30,767
123,615,2,6,12.639630393494196,2,4,0,0,east_west,GREEN,30,440
123,615,3,13,13.24422406814174,6,7,0,0,east_west,GREEN,30,451
124,620,0,8,12.170476797394603,5,3,0,0,east_west,YELLOW,30,445
124,620,1,21,13.909868742683376,12,9,0,0,east_west,YELLOW,30,770
124,620,2,10,12.559303851224584,4,6,0,0,east_west,YELLOW,30,443
124,620,3,14,13.157403322344264,6,8,0,0,east_west,YELLOW,30,454
125,625,0,16,12.170476797394603,7,4,2,3,north_south,GREEN,30,445
125,625,1,28,13.909868742683376,14,12,1,1,north_south,GREEN,30,770
125,625,2,14,12.559303851224584,5,8,1,0,north_south,GREEN,30,443
125,625,3,19,13.157403322344264,7,9,2,1,north_south,GREEN,30,454
126,630,0,5,12.193045311826022,0,0,2,3,north_south,GREEN,30,458
126,630,1,14,14.15187415514017,6,4,2,2,north_south,GREEN,30,790
126,630,2,2,12.54756740970139,0,0,1,1,north_south,GREEN,30,457
126,630,3,5,13.559395215637279,0,1,3,1,north_south,GREEN,30,473
127,635,0,8,12.193045311826022,0,0,4,4,north_south,GREEN,30,458
127,635,1,9,14.038972756358998,0,0,6,3,north_south,GREEN,30,803
127,635,2,3,12.458734462729497,0,0,2,1,north_south,GREEN,30,460
127,635,3,7,13.538682538674601,0,0,4,3,north_south,GREEN,30,474
128,640,0,8,12.10987737486299,0,0,4,4,north_south,GREEN,30,461
128,640,1,12,13.97076938348492,0,0,8,4,north_south,GREEN,30,807
128,640,2,6,12.394457390739177,0,0,5,1,north_south,GREEN,30,462
128,640,3,8,13.513614871351766,0,0,4,4,north_south,GREEN,30,475
129,645,0,8,12.051906360370236,0,0,4,4,north_south,GREEN,30,463
129,645,1,15,13.902877415285133,0,0,9,6,north_south,GREEN,30,811
129,645,2,10,12.273468909139641,0,0,8,2,north_south,GREEN,30,466
129,645,3,11,13.451349833757781,0,0,6,5,north_south,GREEN,30,477
130,650,0,8,11.950741927654999,0,0,4,4,north_south,GREEN,30,467
130,650,1,19,13.854001936651997,0,0,9,10,north_south,GREEN,30,814
130,650,2,12,12.243707004377736,0,0,8,4,north_south,GREEN,30,467
130,650,3,11,13.42102946762506,0,0,6,5,north_south,GREEN,30,478
131,655,0,9,11.950741927654999,0,0,4,5,north_south,YELLOW,30,467
131,655,1,24,13.822650803965914,0,0,11,13,north_south,YELLOW,30,816
131,655,2,14,12.157496068641839,0,0,10,4,north_south,YELLOW,30,470
131,655,3,14,13.42102946762506,0,0,7,7,north_south,YELLOW,30,478
132,660,0,9,11.950741927654999,0,0,4,5,east_west,GREEN,30,467
132,660,1,30,13.822650803965914,3,2,12,13,east_west,GREEN,30,816
132,660,2,19,12.157496068641839,0,2,12,5,east_west,GREEN,30,470
132,660,3,20,13.42102946762506,2,1,9,8,east_west,GREEN,30,478
133,665,0,0,12.27795877420866,0,0,0,0,east_west,GREEN,30,479
133,665,1,15,14.094357625296633,3,3,3,6,east_west,GREEN,30,836
133,665,2,7,12.442618239474857,0,3,4,0,east_west,GREEN,30,486
133,665,3,6,13.650376683160285,4,2,0,0,east_west,GREEN,30,497
134,670,0,0,12.2312611997949,0,0,0,0,east_west,GREEN,30,481
134,670,1,8,13.99658387933723,3,5,0,0,east_west,GREEN,30,848
134,670,2,4,12.349990778568335,0,4,0,0,east_west,GREEN,30,493
134,670,3,6,13.567559326410338,4,2,0,0,east_west,GREEN,30,500
135,675,0,3,12.179546238650085,2,1,0,0,east_west,GREEN,30,483
135,675,1,9,13.927156653946703,3,6,0,0,east_west,GREEN,30,852
135,675,2,5,12.32555786351042,0,5,0,0,east_west,GREEN,30,494
135,675,3,8,13.540070322012097,6,2,0,0,east_west,GREEN,30,501
136,680,0,5,12.128678004259553,4,1,0,0,east_west,GREEN,30,485
136,680,1,15,13.86086267202772,5,10,0,0,east_west,GREEN,30,856
136,680,2,5,12.26252478572271,0,5,0,0,east_west,GREEN,30,497
136,680,3,8,13.462976924266526,6,2,0,0,east_west,GREEN,30,504
137,685,0,8,12.056919826562758,4,4,0,0,east_west,GREEN,30,488
137,685,1,18,13.81310696201055,7,11,0,0,east_west,GREEN,30,859
137,685,2,8,12.26252478572271,2,6,0,0,east_west,GREEN,30,497
137,685,3,8,13.438018630032348,6,2,0,0,east_west,GREEN,30,505
138,690,0,10,11.980950616048172,6,4,0,0,east_west,YELLOW,30,491
138,690,1,25,13.767346896457111,11,14,0,0,east_west,YELLOW,30,862
138,690,2,10,12.238945372588104,2,8,0,0,east_west,YELLOW,30,498
138,690,3,10,13.359758346273292,6,4,0,0,east_west,YELLOW,30,508
139,695,0,13,11.980950616048172,7,5,0,1,north_south,GREEN,30,491
139,695,1,28,13.767346896457111,11,14,2,1,north_south,GREEN,30,862
139,695,2,14,12.238945372588104,2,9,2,1,north_south,GREEN,30,498
139,695,3,13,13.359758346273292,6,5,1,1,north_south,GREEN,30,508
140,700,0,2,12.0216262863293,0,0,0,2,north_south,GREEN,30,505
140,700,1,16,14.025928855101897,3,8,4,1,north_south,GREEN,30,882
140,700,2,3,12.379132648305943,0,0,2,1,north_south,GREEN,30,510
140,700,3,2,13.543491095625242,0,0,1,1,north_south,GREEN,30,523
141,705,0,3,11.99586656684111,0,0,1,2,north_south,GREEN,30,506
141,705,1,7,13.978901236093126,0,0,6,1,north_south,GREEN,30,893
141,705,2,4,12.351518722791255,0,0,2,2,north_south,GREEN,30,511
141,705,3,2,13.436788048552753,0,0,1,1,north_south,GREEN,30,527
142,710,0,3,11.99586656684111,0,0,1,2,north_south,GREEN,30,506
142,710,1,15,13.917276087433642,0,0,10,5,north_south,GREEN,30,897
142,710,2,7,12.324320044276787,0,0,4,3,north_south,GREEN,30,512
142,710,3,2,13.359840165537019,0,0,1,1,north_south,GREEN,30,530
143,715,0,5,11.928541991633578,0,0,3,2,north_south,GREEN,30,509
143,715,1,22,13.871211109853558,0,0,16,6,north_south,GREEN,30,900
143,715,2,7,12.324320044276787,0,0,4,3,north_south,GREEN,30,512
143,715,3,4,13.310054046896816,0,0,2,2,north_south,GREEN,30,532
144,720,0,8,11.8830738938399,0,0,6,2,north_south,GREEN,30,511
144,720,1,24,13.796186358268708,0,0,18,6,north_south,GREEN,30,905
144,720,2,7,12.27067247747823,0,0,4,3,north_south,GREEN,30,514
144,720,3,8,13.310054046896816,0,0,5,3,north_south,GREEN,30,532
145,725,0,8,11.838299965478186,0,0,6,2,north_south,YELLOW,30,513
145,725,1,25,13.751813937342224,0,0,18,7,north_south,YELLOW,30,908
145,725,2,8,12.2178481072658,0,0,4,4,north_south,YELLOW,30,516
145,725,3,8,13.262693798449611,0,0,5,3,north_south,YELLOW,30,534
146,730,0,11,11.838299965478186,1,1,7,2,east_west,GREEN,30,513
146,730,1,27,13.751813937342224,1,0,18,8,east_west,GREEN,30,908
146,730,2,10,12.2178481072658,0,0,6,4,east_west,GREEN,30,516
146,730,3,14,13.262693798449611,2,2,6,4,east_west,GREEN,30,534
147,735,0,3,11.98992285633507,1,2,0,0,east_west,GREEN,30,523
147,735,1,14,13.974342984246018,2,3,9,0,east_west,GREEN,30,928
147,735,2,1,12.47735468952176,0,1,0,0,east_west,GREEN,30,526
147,735,3,7,13.29058212633794,3,4,0,0,east_west,GREEN,30,547
148,740,0,9,11.916658481140548,5,4,0,0,east_west,GREEN,30,526
148,740,1,9,13.999942918135794,5,4,0,0,east_west,GREEN,30,939
148,740,2,3,12.41155441155441,1,2,0,0,east_west,GREEN,30,529
148,740,3,9,13.240174200930014,4,5,0,0,east_west,GREEN,30,549
149,745,0,11,11.916658481140548,7,4,0,0,east_west,GREEN,30,526
149,745,1,18,13.9395834356597,9,9,0,0,east_west,GREEN,30,943
149,745,2,5,12.347539921214143,1,4,0,0,east_west,GREEN,30,532
149,745,3,10,13.215538748662983,5,5,0,0,east_west,GREEN,30,550
150,750,0,13,11.896397639577646,8,5,0,0,east_west,GREEN,30,527
150,750,1,20,13.878862725996065,11,9,0,0,east_west,GREEN,30,947
150,750,2,8,12.282621888427258,2,6,0,0,east_west,GREEN,30,535
150,750,3,10,13.19127098971337,5,5,0,0,east_west,GREEN,30,551
151,755,0,17,11.896397639577646,9,8,0,0,east_west,GREEN,30,527
151,755,1,21,13.849557187282228,12,9,0,0,east_west,GREEN,30,949
151,755,2,11,12.242989417989417,3,8,0,0,east_west,GREEN,30,537
151,755,3,12,13.123311888227779,6,6,0,0,east_west,GREEN,30,554
152,760,0,19,11.845315908808416,11,8,0,0,east_west,YELLOW,30,529
152,760,1,24,13.804447476731342,12,12,0,0,east_west,YELLOW,30,952
152,760,2,12,12.224556746907739,3,9,0,0,east_west,YELLOW,30,538
152,760,3,12,13.030577353139257,6,6,0,0,east_west,YELLOW,30,558
153,765,0,21,11.845315908808416,12,8,0,1,north_south,GREEN,30,529
153,765,1,26,13.804447476731342,12,12,1,1,north_south,GREEN,30,952
153,765,2,13,12.224556746907739,3,10,0,0,north_south,GREEN,30,538
153,765,3,16,13.030577353139257,8,7,0,1,north_south,GREEN,30,558
154,770,0,6,12.239244228877713,3,0,2,1,north_south,GREEN,30,549
154,770,1,10,14.093752416799935,3,4,2,1,north_south,GREEN,30,972
154,770,2,4,12.34880239270511,0,0,1,3,north_south,GREEN,30,552
154,770,3,3,13.336791117714853,0,0,2,1,north_south,GREEN,30,575
155,775,0,6,12.153756929290822,0,0,5,1,north_south,GREEN,30,555
155,775,1,6,14.055188413292578,0,0,4,2,north_south,GREEN,30,981
155,775,2,9,12.298394467297184,0,0,4,5,north_south,GREEN,30,554
155,775,3,6,13.28908052794407,0,0,5,1,north_south,GREEN,30,577
156,780,0,9,12.153756929290822,0,0,7,2,north_south,GREEN,30,555
156,780,1,9,14.055188413292578,0,0,4,5,north_south,GREEN,30,981
156,780,2,13,12.273477131444562,0,0,6,7,north_south,GREEN,30,555
156,780,3,7,13.220262984722527,0,0,6,1,north_south,GREEN,30,580
157,785,0,10,12.059441033918585,0,0,7,3,north_south,GREEN,30,560
157,785,1,13,13.998785604347182,0,0,5,8,north_south,GREEN,30,985
157,785,2,14,12.224573920227918,0,0,6,8,north_south,GREEN,30,557
157,785,3,7,13.195630516783833,0,0,6,1,north_south,GREEN,30,581
158,790,0,14,12.018511528091821,0,0,9,5,north_south,GREEN,30,562
158,790,1,16,13.942759234546882,0,0,8,8,north_south,GREEN,30,989
158,790,2,17,12.151841174192167,0,0,6,11,north_south,GREEN,30,560
158,790,3,9,13.131999295064375,0,0,7,2,north_south,GREEN,30,584
159,795,0,14,11.960516032596324,0,0,9,5,north_south,YELLOW,30,565
159,795,1,20,13.928841662489775,0,0,9,11,north_south,YELLOW,30,990
159,795,2,18,12.081151044244455,0,0,7,11,north_south,YELLOW,30,563
159,795,3,10,13.111329280365698,0,0,8,2,north_south,YELLOW,30,585
160,800,0,23,11.960516032596324,2,2,13,6,east_west,GREEN,30,565
160,800,1,23,13.928841662489775,1,1,10,11,east_west,GREEN,30,990
160,800,2,25,12.081151044244455,2,2,8,13,east_west,GREEN,30,563
160,800,3,16,13.111329280365698,3,2,9,2,east_west,GREEN,30,585
161,805,0,9,12.24167257157351,2,2,5,0,east_west,GREEN,30,582
161,805,1,8,14.090201828677893,3,1,1,3,east_west,GREEN,30,1010
161,805,2,8,12.517055704121653,2,3,0,3,east_west,GREEN,30,582
161,805,3,9,13.268092991989988,4,5,0,0,east_west,GREEN,30,598
162,810,0,7,12.185214891665119,3,4,0,0,east_west,GREEN,30,588
162,810,1,4,13.983277665314768,3,1,0,0,east_west,GREEN,30,1020
162,810,2,5,12.48718723499487,2,3,0,0,east_west,GREEN,30,587
162,810,3,10,13.201991324421904,5,5,0,0,east_west,GREEN,30,601
163,815,0,10,12.185214891665119,4,6,0,0,east_west,GREEN,30,588
163,815,1,10,13.944341432578947,8,2,0,0,east_west,GREEN,30,1023
163,815,2,6,12.48718723499487,2,4,0,0,east_west,GREEN,30,587
163,815,3,13,13.158344023952422,7,6,0,0,east_west,GREEN,30,603
164,820,0,11,12.09977184977185,4,7,0,0,east_west,GREEN,30,592
164,820,1,13,13.889386204385232,9,4,0,0,east_west,GREEN,30,1027
164,820,2,7,12.393484109561465,3,4,0,0,east_west,GREEN,30,592
164,820,3,13,13.137395348207995,7,6,0,0,east_west,GREEN,30,604
165,825,0,12,12.08097210113339,5,7,0,0,east_west,GREEN,30,593
165,825,1,15,13.836540415487784,9,6,0,0,east_west,GREEN,30,1031
165,825,2,9,12.373477707512809,5,4,0,0,east_west,GREEN,30,593
165,825,3,15,13.137395348207995,7,8,0,0,east_west,GREEN,30,604
166,830,0,14,12.062413374913374,7,7,0,0,east_west,YELLOW,30,594
166,830,1,19,13.810418291023865,10,9,0,0,east_west,YELLOW,30,1033
166,830,2,11,12.373477707512809,5,6,0,0,east_west,YELLOW,30,593
166,830,3,17,13.137395348207995,8,9,0,0,east_west,YELLOW,30,604
167,835,0,15,12.062413374913374,8,7,0,0,north_south,GREEN,30,594
167,835,1,31,13.810418291023865,12,12,3,4,north_south,GREEN,30,1033
167,835,2,17,12.373477707512809,6,8,0,3,north_south,GREEN,30,593
167,835,3,22,13.137395348207995,11,11,0,0,north_south,GREEN,30,604
168,840,0,3,12.354680696661829,0,0,1,2,north_south,GREEN,30,611
168,840,1,18,13.958227877435586,4,3,6,5,north_south,GREEN,30,1053
168,840,2,5,12.544359391765997,0,0,1,4,north_south,GREEN,30,608
168,840,3,7,13.525759420960012,2,1,3,1,north_south,GREEN,30,624
169,845,0,4,12.293829621064589,0,0,2,2,north_south,GREEN,30,614
169,845,1,12,13.876449941151623,0,0,6,6,north_south,GREEN,30,1063
169,845,2,9,12.45563858875948,0,0,3,6,north_south,GREEN,30,612
169,845,3,8,13.452970788612822,0,0,6,2,north_south,GREEN,30,629
170,850,0,6,12.251602564102564,0,0,4,2,north_south,GREEN,30,616
170,850,1,15,13.798901571466192,0,0,9,6,north_south,GREEN,30,1069
170,850,2,11,12.434207719114326,0,0,3,8,north_south,GREEN,30,613
170,850,3,9,13.43300037441164,0,0,6,3,north_south,GREEN,30,630
171,855,0,10,12.251602564102564,0,0,7,3,north_south,GREEN,30,616
171,855,1,16,13.698137265118852,0,0,10,6,north_south,GREEN,30,1077
171,855,2,12,12.41306451214897,0,0,4,8,north_south,GREEN,30,614
171,855,3,11,13.390097467634893,0,0,6,5,north_south,GREEN,30,632
172,860,0,11,12.152914865269054,0,0,8,3,north_south,GREEN,30,621
172,860,1,19,13.636782466072251,0,0,12,7,north_south,GREEN,30,1082
172,860,2,14,12.392203214609822,0,0,5,9,north_south,GREEN,30,615
172,860,3,12,13.347724917004909,0,0,7,5,north_south,GREEN,30,634
173,865,0,11,12.133190179385831,0,0,8,3,north_south,YELLOW,30,622
173,865,1,20,13.612492489704199,0,0,13,7,north_south,YELLOW,30,1084
173,865,2,14,12.347108277900961,0,0,5,9,north_south,YELLOW,30,617
173,865,3,13,13.328443091490726,0,0,7,6,north_south,YELLOW,30,635
174,870,0,12,12.133190179385831,0,0,9,3,east_west,GREEN,30,622
174,870,1,31,13.612492489704199,4,5,14,8,east_west,GREEN,30,1084
174,870,2,16,12.347108277900961,1,0,5,10,east_west,GREEN,30,617
174,870,3,17,13.328443091490726,2,0,8,7,east_west,GREEN,30,635
175,875,0,2,12.337711352657006,2,0,0,0,east_west,GREEN,30,635
175,875,1,15,13.888780834626512,4,5,6,0,east_west,GREEN,30,1103
175,875,2,7,12.718218954248366,4,2,0,1,east_west,GREEN,30,633
175,875,3,3,13.557902711498201,3,0,0,0,east_west,GREEN,30,651
176,880,0,6,12.319547789312718,4,2,0,0,east_west,GREEN,30,636
176,880,1,10,13.835178681544043,5,5,0,0,east_west,GREEN,30,1112
176,880,2,8,12.666214177978883,4,4,0,0,east_west,GREEN,30,636
176,880,3,5,13.557902711498201,5,0,0,0,east_west,GREEN,30,651
177,885,0,7,12.301601753673154,4,3,0,0,east_west,GREEN,30,637
177,885,1,15,13.785555495871197,8,7,0,0,east_west,GREEN,30,1116
177,885,2,10,12.610253349618773,5,5,0,0,east_west,GREEN,30,639
177,885,3,6,13.495744233632472,5,1,0,0,east_west,GREEN,30,654
178,890,0,13,12.243478045807649,8,5,0,0,east_west,GREEN,30,640
178,890,1,20,13.785555495871197,12,8,0,0,east_west,GREEN,30,1116
178,890,2,12,12.553792542951582,6,6,0,0,east_west,GREEN,30,642
178,890,3,10,13.414942186907506,6,4,0,0,east_west,GREEN,30,658
179,895,0,13,12.164243660157357,8,5,0,0,east_west,GREEN,30,644
179,895,1,26,13.759462867038842,17,9,0,0,east_west,GREEN,30,1118
179,895,2,16,12.5368776782705,8,8,0,0,east_west,GREEN,30,643
179,895,3,14,13.336657715875392,7,7,0,0,east_west,GREEN,30,662
180,900,0,15,12.164243660157357,8,7,0,0,east_west,YELLOW,30,644
180,900,1,30,13.747496714654696,21,9,0,0,east_west,YELLOW,30,1119
180,900,2,17,12.483672441103112,8,9,0,0,east_west,YELLOW,30,646
180,900,3,14,13.297475514649651,7,7,0,0,east_west,YELLOW,30,664
181,905,0,17,12.164243660157357,8,7,1,1,north_south,GREEN,30,644
181,905,1,35,13.747496714654696,22,10,2,1,north_south,GREEN,30,1119
181,905,2,22,12.483672441103112,8,10,2,2,north_south,GREEN,30,646
181,905,3,19,13.297475514649651,7,9,2,1,north_south,GREEN,30,664
182,910,0,3,12.418408178097323,0,0,2,1,north_south,GREEN,30,659
182,910,1,27,14.029469664312577,16,1,5,5,north_south,GREEN,30,1139
182,910,2,7,12.747122196005073,0,1,3,3,north_south,GREEN,30,666
182,910,3,4,13.460267179256487,0,0,2,2,north_south,GREEN,30,681
183,915,0,3,12.418408178097323,0,0,2,1,north_south,GREEN,30,659
183,915,1,25,14.050102445651008,11,0,6,8,north_south,GREEN,30,1151
183,915,2,7,12.669789538804261,0,0,4,3,north_south,GREEN,30,670
183,915,3,5,13.419842381487666,0,0,2,3,north_south,GREEN,30,683
184,920,0,6,12.381938504236125,0,0,4,2,north_south,GREEN,30,661
184,920,1,19,13.996708817360362,3,0,7,9,north_south,GREEN,30,1162
184,920,2,8,12.649554678555814,0,0,5,3,north_south,GREEN,30,671
184,920,3,9,13.419842381487666,0,0,2,7,north_south,GREEN,30,683
185,925,0,10,12.381938504236125,0,0,7,3,north_south,GREEN,30,661
185,925,1,19,13.943117671475724,0,0,9,10,north_south,GREEN,30,1168
185,925,2,8,12.6090031289338,0,0,5,3,north_south,GREEN,30,673
185,925,3,9,13.398894955419758,0,0,2,7,north_south,GREEN,30,684
186,930,0,11,12.343651539763815,0,0,8,3,north_south,GREEN,30,663
186,930,1,23,13.875069061950901,0,0,11,12,north_south,GREEN,30,1174
186,930,2,14,12.569764194877793,0,0,7,7,north_south,GREEN,30,675
186,930,3,12,13.337540068416121,0,0,4,8,north_south,GREEN,30,687
187,935,0,11,12.326857248082646,0,0,8,3,north_south,YELLOW,30,664
187,935,1,27,13.830629768625998,0,0,12,15,north_south,YELLOW,30,1178
187,935,2,15,12.569764194877793,0,0,7,8,north_south,YELLOW,30,675
187,935,3,16,13.279756050374706,0,0,6,10,north_south,YELLOW,30,690
188,940,0,14,12.326857248082646,1,0,9,4,east_west,GREEN,30,664
188,940,1,30,13.830629768625998,1,1,13,15,east_west,GREEN,30,1178
188,940,2,19,12.569764194877793,1,2,8,8,east_west,GREEN,30,675
188,940,3,19,13.279756050374706,2,0,6,11,east_west,GREEN,30,690
189,945,0,2,12.529070592465363,2,0,0,0,east_west,GREEN,30,677
189,945,1,19,14.116261835579326,3,4,6,6,east_west,GREEN,30,1198
189,945,2,9,12.825734405485926,4,3,2,0,east_west,GREEN,30,693
189,945,3,5,13.500433562381861,3,0,0,2,east_west,GREEN,30,707
190,950,0,4,12.473784777528973,3,1,0,0,east_west,GREEN,30,680
190,950,1,9,14.04903615488599,4,5,0,0,east_west,GREEN,30,1214
190,950,2,8,12.788980398233093,4,4,0,0,east_west,GREEN,30,696
190,950,3,4,13.466037957576827,4,0,0,0,east_west,GREEN,30,710
191,955,0,8,12.41011754493135,7,1,0,0,east_west,GREEN,30,683
191,955,1,15,14.025948010015416,8,7,0,0,east_west,GREEN,30,1216
191,955,2,9,12.723788019096698,5,4,0,0,east_west,GREEN,30,700
191,955,3,6,13.447465606155639,5,1,0,0,east_west,GREEN,30,711
192,960,0,11,12.356666364858501,8,3,0,0,east_west,GREEN,30,686
192,960,1,23,13.990719997356596,13,10,0,0,east_west,GREEN,30,1219
192,960,2,11,12.690833133085025,7,4,0,0,east_west,GREEN,30,702
192,960,3,7,13.447465606155639,5,2,0,0,east_west,GREEN,30,711
193,965,0,13,12.336251535526475,9,4,0,0,east_west,GREEN,30,687
193,965,1,25,13.979451579524838,15,10,0,0,east_west,GREEN,30,1220
193,965,2,12,12.675482255892042,8,4,0,0,east_west,GREEN,30,703
193,965,3,8,13.447465606155639,6,2,0,0,east_west,GREEN,30,711
194,970,0,14,12.260417419424773,10,4,0,0,east_west,YELLOW,30,691
194,970,1,31,13.979451579524838,17,14,0,0,east_west,YELLOW,30,1220
194,970,2,13,12.626005287012822,8,5,0,0,east_west,YELLOW,30,706
194,970,3,8,13.428885593505417,6,2,0,0,east_west,YELLOW,30,712
195,975,0,23,12.260417419424773,14,6,0,3,north_south,GREEN,30,691
195,975,1,38,13.979451579524838,18,14,4,2,north_south,GREEN,30,1220
195,975,2,18,12.626005287012822,9,6,2,1,north_south,GREEN,30,706
195,975,3,11,13.428885593505417,6,3,0,2,north_south,GREEN,30,712
196,980,0,12,12.455539896568123,6,0,0,6,north_south,GREEN,30,707
196,980,1,22,14.210344554324568,9,5,5,3,north_south,GREEN,30,1240
196,980,2,6,12.835940007705824,0,0,2,4,north_south,GREEN,30,724
196,980,3,2,13.53995550416549,0,0,0,2,north_south,GREEN,30,723
197,985,0,6,12.39380247387048,0,0,0,6,north_south,GREEN,30,714
197,985,1,9,14.206700177829639,0,0,6,3,north_south,GREEN,30,1256
197,985,2,7,12.816933439561325,0,0,3,4,north_south,GREEN,30,725
197,985,3,4,13.5209214132564,0,0,0,4,north_south,GREEN,30,724
198,990,0,7,12.376141825400845,0,0,1,6,north_south,GREEN,30,715
198,990,1,17,14.16405617980665,0,0,11,6,north_south,GREEN,30,1260
198,990,2,8,12.79814285514574,0,0,3,5,north_south,GREEN,30,726
198,990,3,5,13.5209214132564,0,0,0,5,north_south,GREEN,30,724
199,995,0,10,12.358662311787311,0,0,4,6,north_south,GREEN,30,716
199,995,1,19,14.131887658131323,0,0,11,8,north_south,GREEN,30,1263
199,995,2,9,12.778356385675558,0,0,4,5,north_south,GREEN,30,727
199,995,3,5,13.5209214132564,0,0,0,5,north_south,GREEN,30,724
200,1000,0,12,12.34136116055759,0,0,4,8,north_south,GREEN,30,717
200,1000,1,24,14.079481092537598,0,0,12,12,north_south,GREEN,30,1268
200,1000,2,10,12.759778124247719,0,0,4,6,north_south,GREEN,30,728
200,1000,3,5,13.483662763432303,0,0,0,5,north_south,GREEN,30,726
201,1005,0,13,12.324235655533244,0,0,5,8,north_south,YELLOW,30,718
201,1005,1,28,14.016830527524036,0,0,14,14,north_south,YELLOW,30,1274
201,1005,2,14,12.723244336411971,0,0,7,7,north_south,YELLOW,30,730
201,1005,3,7,13.464843746996763,0,0,1,6,north_south,YELLOW,30,727
202,1010,0,18,12.324235655533244,2,0,6,10,east_west,GREEN,30,718
202,1010,1,34,14.016830527524036,1,2,15,16,east_west,GREEN,30,1274
202,1010,2,21,12.723244336411971,1,2,9,9,east_west,GREEN,30,730
202,1010,3,11,13.464843746996763,1,0,3,7,east_west,GREEN,30,727
203,1015,0,6,12.567828493828884,2,2,0,2,east_west,GREEN,30,734
203,1015,1,20,14.255494990062418,2,2,7,9,east_west,GREEN,30,1294
203,1015,2,10,12.906262515579545,1,7,0,2,east_west,GREEN,30,750
203,1015,3,3,13.563793505678023,2,1,0,0,east_west,GREEN,30,737
204,1020,0,5,12.524518395222968,2,3,0,0,east_west,GREEN,30,737
204,1020,1,7,14.208518383384785,2,5,0,0,east_west,GREEN,30,1312
204,1020,2,9,12.841210295967118,1,8,0,0,east_west,GREEN,30,755
204,1020,3,7,13.545443102201922,5,2,0,0,east_west,GREEN,30,738
205,1025,0,13,12.508872943652287,6,7,0,0,east_west,GREEN,30,738
205,1025,1,10,14.143194707952247,4,6,0,0,east_west,GREEN,30,1318
205,1025,2,12,12.794808064235324,3,9,0,0,east_west,GREEN,30,758
205,1025,3,10,13.527295465615058,8,2,0,0,east_west,GREEN,30,739
206,1030,0,16,12.493389621113426,8,8,0,0,east_west,GREEN,30,739
206,1030,1,12,14.075168671567464,6,6,0,0,east_west,GREEN,30,1324
206,1030,2,13,12.764828516588466,4,9,0,0,east_west,GREEN,30,760
206,1030,3,10,13.49159519691959,8,2,0,0,east_west,GREEN,30,741
207,1035,0,20,12.428993518603916,10,10,0,0,east_west,GREEN,30,743
207,1035,1,19,14.064830251583633,10,9,0,0,east_west,GREEN,30,1325
207,1035,2,13,12.749210263134234,4,9,0,0,east_west,GREEN,30,761
207,1035,3,11,13.474036097371004,9,2,0,0,east_west,GREEN,30,742
208,1040,0,22,12.428993518603916,12,10,0,0,east_west,YELLOW,30,743
208,1040,1,23,14.064830251583633,11,12,0,0,east_west,YELLOW,30,1325
208,1040,2,14,12.661537566648452,5,9,0,0,east_west,YELLOW,30,767
208,1040,3,14,13.42096233031161,10,4,0,0,east_west,YELLOW,30,745
209,1045,0,25,12.428993518603916,12,10,2,1,north_south,GREEN,30,743
209,1045,1,27,14.064830251583633,11,14,2,0,north_south,GREEN,30,1325
209,1045,2,18,12.661537566648452,5,11,2,0,north_south,GREEN,30,767
209,1045,3,20,13.42096233031161,11,7,2,0,north_south,GREEN,30,745
210,1050,0,11,12.750146589805821,4,1,4,2,north_south,GREEN,30,763
210,1050,1,17,14.21191661901413,3,5,5,4,north_south,GREEN,30,1345
210,1050,2,5,12.920429078073889,0,1,3,1,north_south,GREEN,30,784
210,1050,3,5,13.585257033172855,3,0,2,0,north_south,GREEN,30,762
211,1055,0,7,12.705187327193254,0,0,4,3,north_south,GREEN,30,769
211,1055,1,11,14.140224912733197,0,0,6,5,north_south,GREEN,30,1358
211,1055,2,6,12.876496533928258,0,0,4,2,north_south,GREEN,30,787
211,1055,3,2,13.55571723217783,0,0,2,0,north_south,GREEN,30,765
212,1060,0,9,12.67293200082028,0,0,5,4,north_south,GREEN,30,771
212,1060,1,16,14.110840557098411,0,0,9,7,north_south,GREEN,30,1361
212,1060,2,10,12.876496533928258,0,0,5,5,north_south,GREEN,30,787
212,1060,3,4,13.484600245063808,0,0,3,1,north_south,GREEN,30,769
213,1065,0,11,12.656682775911078,0,0,6,5,north_south,GREEN,30,772
213,1065,1,22,14.062110020357279,0,0,13,9,north_south,GREEN,30,1366
213,1065,2,13,12.859180855238986,0,0,7,6,north_south,GREEN,30,788
213,1065,3,5,13.46702650002327,0,0,3,2,north_south,GREEN,30,770
214,1070,0,11,12.656682775911078,0,0,6,5,north_south,GREEN,30,772
214,1070,1,25,14.042855993758227,0,0,14,11,north_south,GREEN,30,1368
214,1070,2,14,12.805737042217164,0,0,8,6,north_south,GREEN,30,791
214,1070,3,7,13.46702650002327,0,0,5,2,north_south,GREEN,30,770
215,1075,0,11,12.640585412916913,0,0,6,5,north_south,YELLOW,30,773
215,1075,1,27,14.004542311774689,0,0,15,12,north_south,YELLOW,30,1372
215,1075,2,15,12.805737042217164,0,0,8,7,north_south,YELLOW,30,791
215,1075,3,9,13.414923970359476,0,0,7,2,north_south,YELLOW,30,773
216,1080,0,16,12.640585412916913,0,2,8,6,east_west,GREEN,30,773
216,1080,1,32,14.004542311774689,2,0,17,13,east_west,GREEN,30,1372
216,1080,2,17,12.805737042217164,1,1,8,7,east_west,GREEN,30,791
216,1080,3,12,13.414923970359476,1,0,7,4,east_west,GREEN,30,773
217,1085,0,4,12.883336823826104,2,2,0,0,east_west,GREEN,30,787
217,1085,1,17,14.224457289668123,6,1,7,3,east_west,GREEN,30,1392
217,1085,2,5,13.039098454399902,4,1,0,0,east_west,GREEN,30,808
217,1085,3,3,13.427103051554402,1,2,0,0,east_west,GREEN,30,788
218,1090,0,8,12.883336823826104,4,4,0,0,east_west,GREEN,30,787
218,1090,1,10,14.22970111583234,8,2,0,0,east_west,GREEN,30,1403
218,1090,2,5,12.981222717691264,4,1,0,0,east_west,GREEN,30,812
218,1090,3,4,13.41043179225432,1,3,0,0,east_west,GREEN,30,789
219,1095,0,10,12.846248911738192,4,6,0,0,east_west,GREEN,30,789
219,1095,1,16,14.164233904455367,10,6,0,0,east_west,GREEN,30,1409
219,1095,2,5,12.967607871224839,4,1,0,0,east_west,GREEN,30,813
219,1095,3,5,13.327960583287595,2,3,0,0,east_west,GREEN,30,794
220,1100,0,11,12.846248911738192,4,7,0,0,east_west,GREEN,30,789
220,1100,1,21,14.153084193174207,12,9,0,0,east_west,GREEN,30,1410
220,1100,2,6,12.954116796089929,5,1,0,0,east_west,GREEN,30,814
220,1100,3,7,13.31196798482077,2,5,0,0,east_west,GREEN,30,795
221,1105,0,12,12.846248911738192,5,7,0,0,east_west,GREEN,30,789
221,1105,1,23,14.110974142248523,12,11,0,0,east_west,GREEN,30,1414
221,1105,2,8,12.925397104898842,6,2,0,0,east_west,GREEN,30,816
221,1105,3,8,13.31196798482077,2,6,0,0,east_west,GREEN,30,795
222,1110,0,13,12.798264047301839,6,7,0,0,east_west,YELLOW,30,792
222,1110,1,24,14.067475973750353,12,12,0,0,east_west,YELLOW,30,1418
222,1110,2,10,12.911242399954665,6,4,0,0,east_west,YELLOW,30,817
222,1110,3,9,13.31196798482077,3,6,0,0,east_west,YELLOW,30,795
223,1115,0,21,12.798264047301839,9,8,3,1,north_south,GREEN,30,792
223,1115,1,34,14.067475973750353,13,16,0,5,north_south,GREEN,30,1418
223,1115,2,14,12.911242399954665,6,5,2,1,north_south,GREEN,30,817
223,1115,3,12,13.31196798482077,5,6,1,0,north_south,GREEN,30,795
224,1120,0,5,13.000838072530023,0,0,4,1,north_south,GREEN,30,809
224,1120,1,23,14.267697931221488,6,8,2,7,north_south,GREEN,30,1438
224,1120,2,6,13.047842922047307,0,0,3,3,north_south,GREEN,30,828
224,1120,3,3,13.410198862798286,0,0,2,1,north_south,GREEN,30,807
225,1125,0,6,12.953905238924339,0,0,4,2,north_south,GREEN,30,812
225,1125,1,14,14.216348506865623,0,0,3,11,north_south,GREEN,30,1455
225,1125,2,8,13.02912614889216,0,0,3,5,north_south,GREEN,30,829
225,1125,3,6,13.360778129777914,0,0,3,3,north_south,GREEN,30,810
226,1130,0,10,12.907678348453652,0,0,7,3,north_south,GREEN,30,815
226,1130,1,18,14.170626447511097,0,0,5,13,north_south,GREEN,30,1460
226,1130,2,8,13.02912614889216,0,0,3,5,north_south,GREEN,30,829
226,1130,3,9,13.344606819584705,0,0,6,3,north_south,GREEN,30,811
227,1135,0,12,12.892680087382471,0,0,8,4,north_south,GREEN,30,816
227,1135,1,18,14.080726296733197,0,0,5,13,north_south,GREEN,30,1470
227,1135,2,9,12.992240410576649,0,0,4,5,north_south,GREEN,30,831
227,1135,3,10,13.294394259284324,0,0,6,4,north_south,GREEN,30,814
228,1140,0,13,12.877812815490952,0,0,8,5,north_south,GREEN,30,817
228,1140,1,21,14.045460256501704,0,0,7,14,north_south,GREEN,30,1474
228,1140,2,10,12.958548903670856,0,0,5,5,north_south,GREEN,30,833
228,1140,3,12,13.244399386963538,0,0,7,5,north_south,GREEN,30,817
229,1145,0,14,12.877812815490952,0,0,9,5,north_south,YELLOW,30,817
229,1145,1,23,14.036669442556786,0,0,7,16,north_south,YELLOW,30,1475
229,1145,2,14,12.925531226903178,0,0,9,5,north_south,YELLOW,30,835
229,1145,3,13,13.22806772867208,0,0,7,6,north_south,YELLOW,30,818
230,1150,0,21,12.877812815490952,1,0,12,8,east_west,GREEN,30,817
230,1150,1,31,14.036669442556786,3,4,8,16,east_west,GREEN,30,1475
230,1150,2,16,12.925531226903178,0,1,9,6,east_west,GREEN,30,835
230,1150,3,14,13.22806772867208,0,0,7,7,east_west,GREEN,30,818
231,1155,0,4,13.059883811279896,1,1,2,0,east_west,GREEN,30,837
231,1155,1,13,14.218499117560189,3,4,0,6,east_west,GREEN,30,1495
231,1155,2,2,13.12396483838027,0,2,0,0,east_west,GREEN,30,851
231,1155,3,4,13.40320251412862,3,1,0,0,east_west,GREEN,30,833
232,1160,0,3,13.019249492550731,1,2,0,0,east_west,GREEN,30,841
232,1160,1,13,14.240958822978039,7,6,0,0,east_west,GREEN,30,1503
232,1160,2,7,13.109777263708823,1,6,0,0,east_west,GREEN,30,852
232,1160,3,6,13.338064191633306,4,2,0,0,east_west,GREEN,30,837
233,1165,0,4,12.975894641788972,2,2,0,0,east_west,GREEN,30,844
233,1165,1,17,14.220537953307558,10,7,0,0,east_west,GREEN,30,1505
233,1165,2,11,13.109777263708823,4,7,0,0,east_west,GREEN,30,852
233,1165,3,8,13.338064191633306,5,3,0,0,east_west,GREEN,30,837
234,1170,0,4,12.944860138590606,2,2,0,0,east_west,GREEN,30,846
234,1170,1,21,14.190913277880695,13,8,0,0,east_west,GREEN,30,1508
234,1170,2,12,13.054860231232183,5,7,0,0,east_west,GREEN,30,856
234,1170,3,8,13.290910918057016,5,3,0,0,east_west,GREEN,30,840
235,1175,0,5,12.944860138590606,3,2,0,0,east_west,GREEN,30,846
235,1175,1,23,14.160445243746976,15,8,0,0,east_west,GREEN,30,1511
235,1175,2,13,13.02894194351132,6,7,0,0,east_west,GREEN,30,858
235,1175,3,10,13.275577345603644,6,4,0,0,east_west,GREEN,30,841
236,1180,0,7,12.914123908698109,4,3,0,0,east_west,YELLOW,30,848
236,1180,1,26,14.141077810356286,17,9,0,0,east_west,YELLOW,30,1513
236,1180,2,14,13.003464818134642,6,8,0,0,east_west,YELLOW,30,860
236,1180,3,12,13.25996093330922,7,5,0,0,east_west,YELLOW,30,842
237,1185,0,12,12.914123908698109,5,5,0,2,north_south,GREEN,30,848
237,1185,1,32,14.141077810356286,19,11,1,1,north_south,GREEN,30,1513
237,1185,2,16,13.003464818134642,6,8,0,2,north_south,GREEN,30,860
237,1185,3,14,13.25996093330922,7,6,0,1,north_south,GREEN,30,842
238,1190,0,7,12.955983831910258,0,0,2,5,north_south,GREEN,30,859
238,1190,1,21,14.34494042441471,11,4,2,4,north_south,GREEN,30,1533
238,1190,2,4,13.173247252016479,0,0,1,3,north_south,GREEN,30,876
238,1190,3,3,13.407382892075624,0,0,2,1,north_south,GREEN,30,855
239,1195,0,9,12.910862276518595,0,0,4,5,north_south,GREEN,30,862
239,1195,1,11,14.340753539598161,2,0,2,7,north_south,GREEN,30,1547
239,1195,2,6,13.157250642949217,0,0,2,4,north_south,GREEN,30,877
239,1195,3,5,13.359948438054804,0,0,3,2,north_south,GREEN,30,858
240,1200,0,11,12.852269883155634,0,0,5,6,north_south,GREEN,30,866
240,1200,1,13,14.315212857292503,0,0,5,8,north_south,GREEN,30,1551
240,1200,2,10,13.090018728316602,0,0,3,7,north_south,GREEN,30,881
240,1200,3,5,13.328617436822455,0,0,3,2,north_south,GREEN,30,860
241,1205,0,12,12.852269883155634,0,0,5,7,north_south,GREEN,30,866
241,1205,1,15,14.306702795839316,0,0,7,8,north_south,GREEN,30,1552
241,1205,2,12,13.041476451799584,0,0,5,7,north_south,GREEN,30,884
241,1205,3,7,13.31321493065196,0,0,4,3,north_south,GREEN,30,861
242,1210,0,13,12.780169178126995,0,0,5,8,north_south,GREEN,30,871
242,1210,1,16,14.272879028578133,0,0,8,8,north_south,GREEN,30,1556
242,1210,2,13,13.008784123952394,0,0,6,7,north_south,GREEN,30,886
242,1210,3,8,13.282303527028887,0,0,4,4,north_south,GREEN,30,863
243,1215,0,16,12.73820176103459,0,0,6,10,north_south,YELLOW,30,874
243,1215,1,22,14.256026964044214,0,0,14,8,north_south,YELLOW,30,1558
243,1215,2,16,13.008784123952394,0,0,9,7,north_south,YELLOW,30,886
243,1215,3,8,13.267166006503434,0,0,4,4,north_south,YELLOW,30,864
244,1220,0,21,12.73820176103459,1,0,9,11,east_west,GREEN,30,874
244,1220,1,27,14.256026964044214,2,1,15,9,east_west,GREEN,30,1558
244,1220,2,21,13.008784123952394,1,2,10,8,east_west,GREEN,30,886
244,1220,3,9,13.267166006503434,0,0,5,4,east_west,GREEN,30,864
245,1225,0,5,12.973232748425154,2,1,0,2,east_west,GREEN,30,893
245,1225,1,17,14.385553328039713,4,2,8,3,east_west,GREEN,30,1578
245,1225,2,7,13.198147308517393,1,3,3,0,east_west,GREEN,30,905
245,1225,3,1,13.351362867130462,1,0,0,0,east_west,GREEN,30,876
246,1230,0,4,12.94209058141342,3,1,0,0,east_west,GREEN,30,896
246,1230,1,7,14.31244657469185,5,2,0,0,east_west,GREEN,30,1592
246,1230,2,5,13.162913890704694,1,4,0,0,east_west,GREEN,30,909
246,1230,3,2,13.3364406637861,2,0,0,0,east_west,GREEN,30,877
247,1235,0,8,12.914782520700188,5,3,0,0,east_west,GREEN,30,898
247,1235,1,10,14.245279848809151,6,4,0,0,east_west,GREEN,30,1599
247,1235,2,10,13.137254068943744,3,7,0,0,east_west,GREEN,30,911
247,1235,3,4,13.3364406637861,3,1,0,0,east_west,GREEN,30,877
248,1240,0,10,12.842620367976178,6,4,0,0,east_west,GREEN,30,903
248,1240,1,15,14.217271117663937,8,7,0,0,east_west,GREEN,30,1602
248,1240,2,14,13.099915521459808,3,11,0,0,east_west,GREEN,30,914
248,1240,3,5,13.276594282648094,3,2,0,0,east_west,GREEN,30,881
249,1245,0,14,12.782501194335415,7,7,0,0,east_west,GREEN,30,907
249,1245,1,17,14.198606795893944,9,8,0,0,east_west,GREEN,30,1604
249,1245,2,14,13.086572876795016,3,11,0,0,east_west,GREEN,30,915
249,1245,3,7,13.276594282648094,3,4,0,0,east_west,GREEN,30,881
250,1250,0,15,12.756547062682753,8,7,0,0,east_west,YELLOW,30,909
250,1250,1,18,14.179722364347342,9,9,0,0,east_west,YELLOW,30,1606
250,1250,2,14,13.086572876795016,3,11,0,0,east_west,YELLOW,30,915
250,1250,3,8,13.232704020484999,3,5,0,0,east_west,YELLOW,30,884
251,1255,0,17,12.756547062682753,8,8,0,1,north_south,GREEN,30,909
251,1255,1,27,14.179722364347342,10,10,2,5,north_south,GREEN,30,1606
251,1255,2,20,13.086572876795016,5,12,2,1,north_south,GREEN,30,915
251,1255,3,10,13.232704020484999,3,5,0,2,north_south,GREEN,30,884
252,1260,0,1,12.916263653981677,0,0,0,1,north_south,GREEN,30,925
252,1260,1,11,14.300922762167342,0,1,4,6,north_south,GREEN,30,1626
252,1260,2,10,13.238357910262284,0,3,3,4,north_south,GREEN,30,932
252,1260,3,4,13.29205640428863,0,0,0,4,north_south,GREEN,30,893
253,1265,0,7,12.84794785794849,0,0,3,4,north_south,GREEN,30,930
253,1265,1,15,14.262642490830673,0,0,9,6,north_south,GREEN,30,1631
253,1265,2,11,13.182359312676468,0,0,5,6,north_south,GREEN,30,938
253,1265,3,4,13.23184757208725,0,0,0,4,north_south,GREEN,30,897
254,1270,0,12,12.834720756395471,0,0,5,7,north_south,GREEN,30,931
254,1270,1,18,14.205224249006491,0,0,11,7,north_south,GREEN,30,1638
254,1270,2,11,13.153393949366604,0,0,5,6,north_south,GREEN,30,940
254,1270,3,8,13.172896780729197,0,0,2,6,north_south,GREEN,30,901
255,1275,0,13,12.820909299198364,0,0,5,8,north_south,GREEN,30,932
255,1275,1,19,14.205224249006491,0,0,11,8,north_south,GREEN,30,1638
255,1275,2,13,13.136795145214153,0,0,7,6,north_south,GREEN,30,941
255,1275,3,8,13.129383518769533,0,0,2,6,north_south,GREEN,30,904
256,1280,0,13,12.807221158583374,0,0,5,8,north_south,GREEN,30,933
256,1280,1,21,14.172712121214557,0,0,12,9,north_south,GREEN,30,1642
256,1280,2,14,13.087839178536667,0,0,8,6,north_south,GREEN,30,944
256,1280,3,8,13.129383518769533,0,0,2,6,north_south,GREEN,30,904
257,1285,0,14,12.793654690329406,0,0,6,8,north_south,YELLOW,30,934
257,1285,1,25,14.156543952328192,0,0,16,9,north_south,YELLOW,30,1644
257,1285,2,16,13.041595939185392,0,0,9,7,north_south,YELLOW,30,947
257,1285,3,10,13.07221503032429,0,0,4,6,north_south,YELLOW,30,908
258,1290,0,18,12.793654690329406,1,2,6,9,east_west,GREEN,30,934
258,1290,1,35,14.156543952328192,1,5,19,10,east_west,GREEN,30,1644
258,1290,2,20,13.041595939185392,1,1,11,7,east_west,GREEN,30,947
258,1290,3,12,13.07221503032429,1,1,4,6,east_west,GREEN,30,908
259,1295,0,8,12.968546906687068,5,3,0,0,east_west,GREEN,30,951
259,1295,1,24,14.363030381816268,5,6,10,3,east_west,GREEN,30,1664
259,1295,2,6,13.269343877876258,2,2,2,0,east_west,GREEN,30,966
259,1295,3,4,13.230939659037904,2,2,0,0,east_west,GREEN,30,918
260,1300,0,8,12.943425938945133,5,3,0,0,east_west,GREEN,30,953
260,1300,1,17,14.320406700049542,6,9,2,0,east_west,GREEN,30,1679
260,1300,2,5,13.236794900792473,3,2,0,0,east_west,GREEN,30,970
260,1300,3,5,13.20175210892682,3,2,0,0,east_west,GREEN,30,920
261,1305,0,8,12.91870371672291,5,3,0,0,east_west,GREEN,30,955
261,1305,1,19,14.263182870754024,8,11,0,0,east_west,GREEN,30,1686
261,1305,2,8,13.223615973472132,4,4,0,0,east_west,GREEN,30,971
261,1305,3,6,13.172820094145273,4,2,0,0,east_west,GREEN,30,922
262,1310,0,10,12.873200452091066,6,4,0,0,east_west,GREEN,30,958
262,1310,1,24,14.227669154819221,12,12,0,0,east_west,GREEN,30,1690
262,1310,2,8,13.223615973472132,4,4,0,0,east_west,GREEN,30,971
262,1310,3,7,13.115620063633564,4,3,0,0,east_west,GREEN,30,926
263,1315,0,11,12.860985915420006,7,4,0,0,east_west,GREEN,30,959
263,1315,1,27,14.201674426293998,14,13,0,0,east_west,GREEN,30,1693
263,1315,2,9,13.197580868071947,5,4,0,0,east_west,GREEN,30,973
263,1315,3,10,13.101509935806623,4,6,0,0,east_west,GREEN,30,927
264,1320,0,13,12.79524169943328,9,4,0,0,east_west,YELLOW,30,964
264,1320,1,30,14.19309509613876,16,14,0,0,east_west,YELLOW,30,1694
264,1320,2,15,13.184722066014539,8,7,0,0,east_west,YELLOW,30,974
264,1320,3,11,13.059581402653002,5,6,0,0,east_west,YELLOW,30,930
265,1325,0,17,12.79524169943328,9,6,1,1,north_south,GREEN,30,964
265,1325,1,40,14.19309509613876,18,18,3,1,north_south,GREEN,30,1694
265,1325,2,19,13.184722066014539,9,9,1,0,north_south,GREEN,30,974
265,1325,3,13,13.059581402653002,6,6,1,0,north_south,GREEN,30,930
266,1330,0,5,12.94225972148066,0,0,1,4,north_south,GREEN,30,982
266,1330,1,28,14.409330719041117,12,9,4,3,north_south,GREEN,30,1714
266,1330,2,4,13.269772819851775,1,0,3,0,north_south,GREEN,30,993
266,1330,3,1,13.192844653000424,0,0,1,0,north_south,GREEN,30,942
267,1335,0,7,12.916064477572949,0,0,2,5,north_south,GREEN,30,984
267,1335,1,15,14.418186688478416,4,0,8,3,north_south,GREEN,30,1733
267,1335,2,5,13.23400250718273,0,0,4,1,north_south,GREEN,30,996
267,1335,3,4,13.123079530084755,0,0,2,2,north_south,GREEN,30,947
268,1340,0,9,12.916064477572949,0,0,3,6,north_south,GREEN,30,984
268,1340,1,13,14.348693007100097,0,0,9,4,north_south,GREEN,30,1744
268,1340,2,7,13.23400250718273,0,0,5,2,north_south,GREEN,30,996
268,1340,3,6,13.109341472165662,0,0,3,3,north_south,GREEN,30,948
269,1345,0,10,12.890079288323694,0,0,4,6,north_south,GREEN,30,986
269,1345,1,13,14.31032090292148,0,0,9,4,north_south,GREEN,30,1749
269,1345,2,10,13.207167770322041,0,0,6,4,north_south,GREEN,30,998
269,1345,3,7,13.09572133749051,0,0,3,4,north_south,GREEN,30,949
270,1350,0,12,12.838996363362213,0,0,4,8,north_south,GREEN,30,990
270,1350,1,18,14.294736277598483,0,0,12,6,north_south,GREEN,30,1751
270,1350,2,11,13.193918118997075,0,0,6,5,north_south,GREEN,30,999
270,1350,3,9,13.09572133749051,0,0,4,5,north_south,GREEN,30,949
271,1355,0,12,12.814064608468456,0,0,4,8,north_south,YELLOW,30,992
271,1355,1,24,14.271810516646012,0,0,17,7,north_south,YELLOW,30,1754
271,1355,2,14,13.17859472866154,0,0,7,7,north_south,YELLOW,30,1000
271,1355,3,11,13.09572133749051,0,0,4,7,north_south,YELLOW,30,949
272,1360,0,17,12.814064608468456,1,3,4,9,east_west,GREEN,30,992
272,1360,1,31,14.271810516646012,3,2,19,7,east_west,GREEN,30,1754
272,1360,2,21,13.17859472866154,2,1,9,9,east_west,GREEN,30,1000
272,1360,3,13,13.09572133749051,1,0,5,7,east_west,GREEN,30,949
273,1365,0,8,12.970841569918553,1,7,0,0,east_west,GREEN,30,1007
273,1365,1,17,14.40988333577311,3,3,11,0,east_west,GREEN,30,1771
273,1365,2,5,13.291148277092914,4,1,0,0,east_west,GREEN,30,1018
273,1365,3,2,13.18718786031938,2,0,0,0,east_west,GREEN,30,962
274,1370,0,10,12.947314043440981,3,7,0,0,east_west,GREEN,30,1009
274,1370,1,14,14.374449789733116,6,5,3,0,east_west,GREEN,30,1784
274,1370,2,8,13.26833805811481,5,3,0,0,east_west,GREEN,30,1020
274,1370,3,4,13.146399073280493,2,2,0,0,east_west,GREEN,30,965
275,1375,0,10,12.947314043440981,3,7,0,0,east_west,GREEN,30,1009
275,1375,1,12,14.342437359750924,6,6,0,0,east_west,GREEN,30,1789
275,1375,2,9,13.26833805811481,5,4,0,0,east_west,GREEN,30,1020
275,1375,3,5,13.080045994867897,3,2,0,0,east_west,GREEN,30,970
276,1380,0,11,12.935683959329907,3,8,0,0,east_west,GREEN,30,1010
276,1380,1,16,14.342437359750924,8,8,0,0,east_west,GREEN,30,1789
276,1380,2,9,13.26833805811481,5,4,0,0,east_west,GREEN,30,1020
276,1380,3,8,13.066502772700982,6,2,0,0,east_west,GREEN,30,971
277,1385,0,12,12.892632678165274,4,8,0,0,east_west,GREEN,30,1013
277,1385,1,18,14.300406277602832,10,8,0,0,east_west,GREEN,30,1794
277,1385,2,11,13.234735907577177,6,5,0,0,east_west,GREEN,30,1023
277,1385,3,12,13.053600265928239,9,3,0,0,east_west,GREEN,30,972
278,1390,0,13,12.892632678165274,5,8,0,0,east_west,YELLOW,30,1013
278,1390,1,20,14.283994619940373,12,8,0,0,east_west,YELLOW,30,1796
278,1390,2,12,13.197800203062814,6,6,0,0,east_west,YELLOW,30,1026
278,1390,3,15,13.040166705479272,12,3,0,0,east_west,YELLOW,30,973
279,1395,0,16,12.892632678165274,5,11,0,0,north_south,GREEN,30,1013
279,1395,1,23,14.283994619940373,12,9,1,1,north_south,GREEN,30,1796
279,1395,2,16,13.197800203062814,8,7,1,0,north_south,GREEN,30,1026
279,1395,3,16,13.040166705479272,12,4,0,0,north_south,GREEN,30,973
280,1400,0,2,13.091303866803754,0,1,1,0,north_south,GREEN,30,1030
280,1400,1,9,14.415636882053512,3,0,2,4,north_south,GREEN,30,1816
280,1400,2,1,13.336621111697353,0,0,1,0,north_south,GREEN,30,1042
280,1400,3,7,13.130953041731452,4,0,1,2,north_south,GREEN,30,988
281,1405,0,1,13.051252205761003,0,0,1,0,north_south,GREEN,30,1034
281,1405,1,10,14.396017067964056,0,0,4,6,north_south,GREEN,30,1821
281,1405,2,1,13.293762190547637,0,0,1,0,north_south,GREEN,30,1045
281,1405,3,7,13.10197084975972,0,0,3,4,north_south,GREEN,30,993
282,1410,0,2,12.9783233422574,0,0,1,1,north_south,GREEN,30,1040
282,1410,1,12,14.358625843145315,0,0,5,7,north_south,GREEN,30,1826
282,1410,2,3,13.293762190547637,0,0,3,0,north_south,GREEN,30,1045
282,1410,3,11,13.088724289964006,0,0,5,6,north_south,GREEN,30,994
283,1415,0,4,12.954040478653747,0,0,3,1,north_south,GREEN,30,1042
283,1415,1,16,14.314633833922937,0,0,6,10,north_south,GREEN,30,1832
283,1415,2,5,13.293762190547637,0,0,5,0,north_south,GREEN,30,1045
283,1415,3,12,13.075540015208077,0,0,6,6,north_south,GREEN,30,995
284,1420,0,5,12.941471706124815,0,0,3,2,north_south,GREEN,30,1043
284,1420,1,19,14.307449755851682,0,0,8,11,north_south,GREEN,30,1833
284,1420,2,6,13.280833903695047,0,0,6,0,north_south,GREEN,30,1046
284,1420,3,13,13.036351013912704,0,0,7,6,north_south,GREEN,30,998
285,1425,0,7,12.907114980978617,0,0,4,3,north_south,YELLOW,30,1046
285,1425,1,23,14.271232259087043,0,0,9,14,north_south,YELLOW,30,1838
285,1425,2,8,13.26609324941951,0,0,7,1,north_south,YELLOW,30,1047
285,1425,3,14,13.010441711416998,0,0,7,7,north_south,YELLOW,30,1000
286,1430,0,11,12.907114980978617,1,2,4,4,east_west,GREEN,30,1046
286,1430,1,31,14.271232259087043,3,2,11,15,east_west,GREEN,30,1838
286,1430,2,11,13.26609324941951,1,1,7,2,east_west,GREEN,30,1047
286,1430,3,18,13.010441711416998,1,2,8,7,east_west,GREEN,30,1000
287,1435,0,5,12.926993442753458,3,2,0,0,east_west,GREEN,30,1055
287,1435,1,17,14.396470437561927,7,3,2,5,east_west,GREEN,30,1858
287,1435,2,4,13.294308486321686,2,2,0,0,east_west,GREEN,30,1058
287,1435,3,3,13.17827373936274,1,2,0,0,east_west,GREEN,30,1016
288,1440,0,8,12.913219281854934,5,3,0,0,east_west,GREEN,30,1056
288,1440,1,16,14.341505557017737,10,6,0,0,east_west,GREEN,30,1871
288,1440,2,7,13.270416824548343,2,5,0,0,east_west,GREEN,30,1060
288,1440,3,6,13.16516424276741,3,3,0,0,east_west,GREEN,30,1017
289,1445,0,10,12.865323091699075,6,4,0,0,east_west,GREEN,30,1060
289,1445,1,22,14.309165717377883,14,8,0,0,east_west,GREEN,30,1875
289,1445,2,7,13.270416824548343,2,5,0,0,east_west,GREEN,30,1060
289,1445,3,7,13.16516424276741,3,4,0,0,east_west,GREEN,30,1017
290,1450,0,12,12.851768874831606,6,6,0,0,east_west,GREEN,30,1061
290,1450,1,23,14.277107225015966,15,8,0,0,east_west,GREEN,30,1879
290,1450,2,8,13.25958865749721,2,6,0,0,east_west,GREEN,30,1061
290,1450,3,9,13.101000713459253,3,6,0,0,east_west,GREEN,30,1022
291,1455,0,13,12.838322659692164,7,6,0,0,east_west,GREEN,30,1062
291,1455,1,27,14.269319240402139,18,9,0,0,east_west,GREEN,30,1880
291,1455,2,11,13.25958865749721,5,6,0,0,east_west,GREEN,30,1061
291,1455,3,9,13.101000713459253,3,6,0,0,east_west,GREEN,30,1022
292,1460,0,16,12.815918864225637,9,7,0,0,east_west,YELLOW,30,1064
292,1460,1,31,14.253429276926365,21,10,0,0,east_west,YELLOW,30,1882
292,1460,2,12,13.247779090841185,5,7,0,0,east_west,YELLOW,30,1062
292,1460,3,9,13.088192575651117,3,6,0,0,east_west,YELLOW,30,1023
293,1465,0,21,12.815918864225637,10,8,0,3,north_south,GREEN,30,1064
293,1465,1,36,14.253429276926365,22,13,1,0,north_south,GREEN,30,1882
293,1465,2,14,13.247779090841185,5,8,1,0,north_south,GREEN,30,1062
293,1465,3,12,13.088192575651117,4,6,1,1,north_south,GREEN,30,1023
294,1470,0,7,12.964426992650768,2,0,1,4,north_south,GREEN,30,1084
294,1470,1,23,14.432458438976074,12,6,1,4,north_south,GREEN,30,1902
294,1470,2,3,13.375155881486993,0,0,1,2,north_south,GREEN,30,1075
294,1470,3,5,13.208573627632685,0,0,2,3,north_south,GREEN,30,1035
295,1475,0,8,12.91737237108123,0,0,3,5,north_south,GREEN,30,1089
295,1475,1,9,14.45411020794808,4,0,1,4,north_south,GREEN,30,1918
295,1475,2,9,13.347905176614379,0,0,4,5,north_south,GREEN,30,1077
295,1475,3,5,13.183377967585127,0,0,2,3,north_south,GREEN,30,1037
296,1480,0,11,12.906502451852464,0,0,5,6,north_south,GREEN,30,1090
296,1480,1,8,14.425711336694256,0,0,2,6,north_south,GREEN,30,1925
296,1480,2,12,13.291111936930445,0,0,5,7,north_south,GREEN,30,1081
296,1480,3,7,13.170928930829348,0,0,3,4,north_south,GREEN,30,1038
297,1485,0,13,12.894275650122573,0,0,5,8,north_south,GREEN,30,1091
297,1485,1,14,14.40439834171097,0,0,6,8,north_south,GREEN,30,1928
297,1485,2,15,13.291111936930445,0,0,6,9,north_south,GREEN,30,1081
297,1485,3,9,13.146322631616748,0,0,3,6,north_south,GREEN,30,1040
298,1490,0,17,12.882141475678512,0,0,7,10,north_south,GREEN,30,1092
298,1490,1,15,14.36962301605113,0,0,6,9,north_south,GREEN,30,1933
298,1490,2,16,13.291111936930445,0,0,7,9,north_south,GREEN,30,1081
298,1490,3,9,13.121234850320452,0,0,3,6,north_south,GREEN,30,1042
299,1495,0,19,12.848572177123124,0,0,8,11,north_south,YELLOW,30,1095
299,1495,1,17,14.355682083513958,0,0,7,10,north_south,YELLOW,30,1935
299,1495,2,18,13.277173669315708,0,0,7,11,north_south,YELLOW,30,1082
299,1495,3,11,13.071623046623046,0,0,5,6,north_south,YELLOW,30,1046
300,1500,0,26,12.848572177123124,1,2,11,12,east_west,GREEN,30,1095
300,1500,1,22,14.355682083513958,2,2,7,11,east_west,GREEN,30,1935
300,1500,2,21,13.277173669315708,1,1,7,12,east_west,GREEN,30,1082
300,1500,3,16,13.071623046623046,1,1,8,6,east_west,GREEN,30,1046
301,1505,0,15,13.052968674735329,3,5,4,3,east_west,GREEN,30,1115
301,1505,1,10,14.41986202882786,5,4,0,1,east_west,GREEN,30,1955
301,1505,2,6,13.488656050061692,2,1,0,3,east_west,GREEN,30,1099
301,1505,3,6,13.181845403538581,4,2,0,0,east_west,GREEN,30,1061
302,1510,0,8,12.998845917390264,3,5,0,0,east_west,GREEN,30,1124
302,1510,1,10,14.40997445509002,6,4,0,0,east_west,GREEN,30,1957
302,1510,2,5,13.458458022909692,3,2,0,0,east_west,GREEN,30,1104
302,1510,3,7,13.169505461365926,5,2,0,0,east_west,GREEN,30,1062
303,1515,0,11,12.949092431486935,4,7,0,0,east_west,GREEN,30,1128
303,1515,1,13,14.378896755414797,8,5,0,0,east_west,GREEN,30,1961
303,1515,2,8,13.447738410680014,5,3,0,0,east_west,GREEN,30,1105
303,1515,3,8,13.1572565888772,5,3,0,0,east_west,GREEN,30,1063
304,1520,0,12,12.949092431486935,4,8,0,0,east_west,GREEN,30,1128
304,1520,1,14,14.371328142758001,9,5,0,0,east_west,GREEN,30,1962
304,1520,2,14,13.436229567213271,7,7,0,0,east_west,GREEN,30,1106
304,1520,3,12,13.133028049888516,8,4,0,0,east_west,GREEN,30,1065
305,1525,0,14,12.91534520243869,4,10,0,0,east_west,GREEN,30,1131
305,1525,1,15,14.333972329215879,9,6,0,0,east_west,GREEN,30,1967
305,1525,2,15,13.425581658075428,7,8,0,0,east_west,GREEN,30,1107
305,1525,3,14,13.095889888864342,8,6,0,0,east_west,GREEN,30,1068
306,1530,0,18,12.856702981965606,7,11,0,0,east_west,YELLOW,30,1136
306,1530,1,17,14.326100161944062,9,8,0,0,east_west,YELLOW,30,1968
306,1530,2,16,13.415004734998506,8,8,0,0,east_west,YELLOW,30,1108
306,1530,3,16,13.095889888864342,8,8,0,0,east_west,YELLOW,30,1068
307,1535,0,22,12.856702981965606,7,11,4,0,north_south,GREEN,30,1136
307,1535,1,20,14.326100161944062,10,8,0,2,north_south,GREEN,30,1968
307,1535,2,21,13.415004734998506,8,12,1,0,north_south,GREEN,30,1108
307,1535,3,18,13.095889888864342,8,9,1,0,north_south,GREEN,30,1068
308,1540,0,6,13.05879707466217,0,1,4,1,north_south,GREEN,30,1153
308,1540,1,3,14.43747385682105,0,0,0,3,north_south,GREEN,30,1987
308,1540,2,3,13.539635059666605,0,2,1,0,north_south,GREEN,30,1127
308,1540,3,6,13.264321926229318,0,0,5,1,north_south,GREEN,30,1085
309,1545,0,7,13.039198047259976,0,0,4,3,north_south,GREEN,30,1156
309,1545,1,8,14.416482368438258,0,0,1,7,north_south,GREEN,30,1990
309,1545,2,3,13.516901609371317,0,0,2,1,north_south,GREEN,30,1130
309,1545,3,12,13.227356213032682,0,0,10,2,north_south,GREEN,30,1088
310,1550,0,9,13.027197053172182,0,0,6,3,north_south,GREEN,30,1157
310,1550,1,9,14.382136964568986,0,0,2,7,north_south,GREEN,30,1995
310,1550,2,4,13.516901609371317,0,0,2,2,north_south,GREEN,30,1130
310,1550,3,13,13.227356213032682,0,0,11,2,north_south,GREEN,30,1088
311,1555,0,10,12.99170839922685,0,0,6,4,north_south,GREEN,30,1160
311,1555,1,11,14.354887208158383,0,0,2,9,north_south,GREEN,30,1999
311,1555,2,6,13.477868491723475,0,0,3,3,north_south,GREEN,30,1133
311,1555,3,14,13.215739112660934,0,0,11,3,north_south,GREEN,30,1089
312,1560,0,11,12.981235222614433,0,0,7,4,north_south,GREEN,30,1161
312,1560,1,14,14.348115576040438,0,0,4,10,north_south,GREEN,30,2000
312,1560,2,7,13.464772567079107,0,0,3,4,north_south,GREEN,30,1134
312,1560,3,18,13.215739112660934,0,0,12,6,north_south,GREEN,30,1089
313,1565,0,13,12.925750232174442,0,0,7,6,north_south,YELLOW,30,1166
313,1565,1,18,14.321220348681582,0,0,5,13,north_south,YELLOW,30,2004
313,1565,2,8,13.452299818462638,0,0,4,4,north_south,YELLOW,30,1135
313,1565,3,19,13.215739112660934,0,0,13,6,north_south,YELLOW,30,1089
314,1570,0,17,12.925750232174442,0,1,8,8,east_west,GREEN,30,1166
314,1570,1,31,14.321220348681582,4,1,9,17,east_west,GREEN,30,2004
314,1570,2,11,13.452299818462638,2,1,4,4,east_west,GREEN,30,1135
314,1570,3,23,13.215739112660934,0,2,13,8,east_west,GREEN,30,1089
315,1575,0,2,13.044546520670293,0,2,0,0,east_west,GREEN,30,1184
315,1575,1,15,14.381684208045069,4,3,1,7,east_west,GREEN,30,2024
315,1575,2,4,13.527492908671324,3,1,0,0,east_west,GREEN,30,1143
315,1575,3,5,13.412592844945497,0,2,3,0,east_west,GREEN,30,1108
316,1580,0,3,13.010179226469884,0,3,0,0,east_west,GREEN,30,1187
316,1580,1,12,14.346980740883595,7,5,0,0,east_west,GREEN,30,2035
316,1580,2,5,13.49357166940294,4,1,0,0,east_west,GREEN,30,1146
316,1580,3,3,13.409196602438552,0,3,0,0,east_west,GREEN,30,1113
317,1585,0,6,12.976217584827292,1,5,0,0,east_west,GREEN,30,1190
317,1585,1,16,14.317449369995439,9,7,0,0,east_west,GREEN,30,2039
317,1585,2,7,13.4726362118866,5,2,0,0,east_west,GREEN,30,1148
317,1585,3,4,13.409196602438552,0,4,0,0,east_west,GREEN,30,1113
318,1590,0,8,12.944233846816077,2,6,0,0,east_west,GREEN,30,1193
318,1590,1,20,14.310272018105561,10,10,0,0,east_west,GREEN,30,2040
318,1590,2,8,13.440823704648395,6,2,0,0,east_west,GREEN,30,1151
318,1590,3,5,13.397097607532865,0,5,0,0,east_west,GREEN,30,1114
319,1595,0,10,12.892878613135672,3,7,0,0,east_west,GREEN,30,1198
319,1595,1,24,14.252414115909886,14,10,0,0,east_west,GREEN,30,2048
319,1595,2,10,13.4305922290043,7,3,0,0,east_west,GREEN,30,1152
319,1595,3,5,13.373215812466656,0,5,0,0,east_west,GREEN,30,1116
320,1600,0,11,12.869790468265098,4,7,0,0,east_west,YELLOW,30,1200
320,1600,1,27,14.202423737727912,15,12,0,0,east_west,YELLOW,30,2055
320,1600,2,12,13.420426762880485,8,4,0,0,east_west,YELLOW,30,1153
320,1600,3,8,13.36142531596233,2,6,0,0,east_west,YELLOW,30,1117
321,1605,0,18,12.869790468265098,5,10,0,3,north_south,GREEN,30,1200
321,1605,1,33,14.202423737727912,16,13,2,2,north_south,GREEN,30,2055
321,1605,2,18,13.420426762880485,11,5,2,0,north_south,GREEN,30,1153
321,1605,3,9,13.36142531596233,2,6,0,1,north_south,GREEN,30,1117
322,1610,0,4,12.94135681985232,0,0,0,4,north_south,GREEN,30,1215
322,1610,1,19,14.351546331803913,8,6,3,2,north_south,GREEN,30,2075
322,1610,2,5,13.519611675000728,1,0,3,1,north_south,GREEN,30,1168
322,1610,3,5,13.423073151583992,0,0,2,3,north_south,GREEN,30,1126
323,1615,0,4,12.921137720066657,0,0,0,4,north_south,GREEN,30,1217
323,1615,1,7,14.316314625331728,0,0,4,3,north_south,GREEN,30,2092
323,1615,2,5,13.466476820350515,0,0,4,1,north_south,GREEN,30,1173
323,1615,3,6,13.386982174622114,0,0,3,3,north_south,GREEN,30,1129
324,1620,0,5,12.888705514752235,0,0,0,5,north_south,GREEN,30,1220
324,1620,1,12,14.296568706206273,0,0,5,7,north_south,GREEN,30,2095
324,1620,2,6,13.441803535060227,0,0,4,2,north_south,GREEN,30,1175
324,1620,3,7,13.386982174622114,0,0,3,4,north_south,GREEN,30,1129
325,1625,0,8,12.855646135841987,0,0,1,7,north_south,GREEN,30,1223
325,1625,1,14,14.257428151077345,0,0,6,8,north_south,GREEN,30,2101
325,1625,2,12,13.404303535060226,0,0,6,6,north_south,GREEN,30,1178
325,1625,3,7,13.36280291151394,0,0,3,4,north_south,GREEN,30,1131
326,1630,0,10,12.844773764851436,0,0,1,9,north_south,GREEN,30,1224
326,1630,1,15,14.218735148433161,0,0,7,8,north_south,GREEN,30,2107
326,1630,2,16,13.404303535060226,0,0,6,10,north_south,GREEN,30,1178
326,1630,3,9,13.339344453617896,0,0,3,6,north_south,GREEN,30,1133
327,1635,0,13,12.844773764851436,0,0,3,10,north_south,YELLOW,30,1224
327,1635,1,23,14.193296464687027,0,0,10,13,north_south,YELLOW,30,2111
327,1635,2,18,13.380050118157126,0,0,7,11,north_south,YELLOW,30,1180
327,1635,3,14,13.327460007006488,0,0,5,9,north_south,YELLOW,30,1134
328,1640,0,15,12.844773764851436,1,1,3,10,east_west,GREEN,30,1224
328,1640,1,25,14.193296464687027,0,1,10,14,east_west,GREEN,30,2111
328,1640,2,20,13.380050118157126,0,0,7,13,east_west,GREEN,30,1180
328,1640,3,15,13.327460007006488,0,0,6,9,east_west,GREEN,30,1134
329,1645,0,4,12.954204475006721,2,2,0,0,east_west,GREEN,30,1237
329,1645,1,13,14.289915444611665,1,4,3,5,east_west,GREEN,30,2131
329,1645,2,7,13.526045854194965,0,4,0,3,east_west,GREEN,30,1197
329,1645,3,3,13.410099784633896,3,0,0,0,east_west,GREEN,30,1151
330,1650,0,5,12.944525693541141,2,3,0,0,east_west,GREEN,30,1238
330,1650,1,12,14.263876010403905,5,7,0,0,east_west,GREEN,30,2140
330,1650,2,4,13.512668291660214,0,4,0,0,east_west,GREEN,30,1201
330,1650,3,5,13.38687743424315,3,2,0,0,east_west,GREEN,30,1153
331,1655,0,8,12.912185889962133,3,5,0,0,east_west,GREEN,30,1241
331,1655,1,15,14.243184189797153,7,8,0,0,east_west,GREEN,30,2143
331,1655,2,5,13.491802687056525,1,4,0,0,east_west,GREEN,30,1203
331,1655,3,7,13.364071625289718,4,3,0,0,east_west,GREEN,30,1155
332,1660,0,10,12.902629430247446,4,6,0,0,east_west,GREEN,30,1242
332,1660,1,22,14.23647401639985,9,13,0,0,east_west,GREEN,30,2144
332,1660,2,8,13.491802687056525,3,5,0,0,east_west,GREEN,30,1203
332,1660,3,9,13.34116006151055,5,4,0,0,east_west,GREEN,30,1157
333,1665,0,11,12.844491881376712,4,7,0,0,east_west,GREEN,30,1248
333,1665,1,26,14.222624361656514,11,15,0,0,east_west,GREEN,30,2146
333,1665,2,9,13.461117503188937,3,6,0,0,east_west,GREEN,30,1206
333,1665,3,9,13.329619972922483,5,4,0,0,east_west,GREEN,30,1158
334,1670,0,11,12.814968551717813,4,7,0,0,east_west,YELLOW,30,1251
334,1670,1,31,14.175918881933494,12,19,0,0,east_west,YELLOW,30,2153
334,1670,2,12,13.450474173009184,5,7,0,0,east_west,YELLOW,30,1207
334,1670,3,9,13.318404861345101,5,4,0,0,east_west,YELLOW,30,1159
335,1675,0,14,12.814968551717813,4,9,1,0,north_south,GREEN,30,1251
335,1675,1,36,14.175918881933494,13,21,2,0,north_south,GREEN,30,2153
335,1675,2,14,13.450474173009184,5,7,1,1,north_south,GREEN,30,1207
335,1675,3,10,13.318404861345101,5,5,0,0,north_south,GREEN,30,1159
336,1680,0,3,12.913387259279334,0,0,2,1,north_south,GREEN,30,1266
336,1680,1,26,14.301782935290177,4,13,4,5,north_south,GREEN,30,2173
336,1680,2,5,13.520286308905627,0,0,2,3,north_south,GREEN,30,1220
336,1680,3,4,13.391584444111903,0,0,2,2,north_south,GREEN,30,1172
337,1685,0,8,12.903457055078846,0,0,3,5,north_south,GREEN,30,1267
337,1685,1,17,14.314110348481336,0,4,8,5,north_south,GREEN,30,2188
337,1685,2,5,13.484970345626468,0,0,2,3,north_south,GREEN,30,1223
337,1685,3,5,13.379909783488376,0,0,2,3,north_south,GREEN,30,1173
338,1690,0,10,12.893586491744427,0,0,4,6,north_south,GREEN,30,1268
338,1690,1,17,14.270186658601808,0,0,10,7,north_south,GREEN,30,2198
338,1690,2,9,13.47286052205407,0,0,3,6,north_south,GREEN,30,1224
338,1690,3,6,13.36831218333101,0,0,3,3,north_south,GREEN,30,1174
339,1695,0,10,12.852820057610332,0,0,4,6,north_south,GREEN,30,1272
339,1695,1,23,14.245519573128167,0,0,13,10,north_south,GREEN,30,2202
339,1695,2,9,13.47286052205407,0,0,3,6,north_south,GREEN,30,1224
339,1695,3,8,13.356790883174678,0,0,4,4,north_south,GREEN,30,1175
340,1700,0,11,12.832626114491575,0,0,5,6,north_south,GREEN,30,1274
340,1700,1,26,14.227028041354412,0,0,14,12,north_south,GREEN,30,2205
340,1700,2,9,13.44938362858996,0,0,3,6,north_south,GREEN,30,1226
340,1700,3,8,13.334071349478396,0,0,4,4,north_south,GREEN,30,1177
341,1705,0,13,12.77457285820871,0,0,7,6,north_south,YELLOW,30,1280
341,1705,1,31,14.220942984877226,0,0,16,15,north_south,YELLOW,30,2206
341,1705,2,10,13.414183555083959,0,0,4,6,north_south,YELLOW,30,1229
341,1705,3,9,13.266828427686832,0,0,4,5,north_south,YELLOW,30,1183
342,1710,0,17,12.77457285820871,0,1,8,8,east_west,GREEN,30,1280
342,1710,1,38,14.220942984877226,2,2,16,18,east_west,GREEN,30,2206
342,1710,2,14,13.414183555083959,1,0,7,6,east_west,GREEN,30,1229
342,1710,3,11,13.266828427686832,0,1,5,5,east_west,GREEN,30,1183
343,1715,0,1,12.888676320853994,0,1,0,0,east_west,GREEN,30,1297
343,1715,1,28,14.36996461766619,3,9,7,9,east_west,GREEN,30,2226
343,1715,2,5,13.499109070277683,2,3,0,0,east_west,GREEN,30,1245
343,1715,3,1,13.343077033369267,0,1,0,0,east_west,GREEN,30,1195
344,1720,0,3,12.877649030887797,1,2,0,0,east_west,GREEN,30,1298
344,1720,1,18,14.357571719431977,5,13,0,0,east_west,GREEN,30,2245
344,1720,2,7,13.478878949051282,2,5,0,0,east_west,GREEN,30,1247
344,1720,3,3,13.332121219656996,0,3,0,0,east_west,GREEN,30,1196
345,1725,0,6,12.868660373555766,2,4,0,0,east_west,GREEN,30,1299
345,1725,1,25,14.332194267855265,8,17,0,0,east_west,GREEN,30,2249
345,1725,2,9,13.469289988981394,3,6,0,0,east_west,GREEN,30,1248
345,1725,3,3,13.309290983863466,0,3,0,0,east_west,GREEN,30,1198
346,1730,0,7,12.848768712469656,2,5,0,0,east_west,GREEN,30,1301
346,1730,1,32,14.318215697763556,14,18,0,0,east_west,GREEN,30,2251
346,1730,2,9,13.42763188337219,3,6,0,0,east_west,GREEN,30,1252
346,1730,3,4,13.309290983863466,0,4,0,0,east_west,GREEN,30,1198
347,1735,0,9,12.837881673133868,3,6,0,0,east_west,GREEN,30,1302
347,1735,1,38,14.318215697763556,18,20,0,0,east_west,GREEN,30,2251
347,1735,2,12,13.407851298194668,5,7,0,0,east_west,GREEN,30,1254
347,1735,3,4,13.287107560438038,0,4,0,0,east_west,GREEN,30,1200
348,1740,0,13,12.818182267107511,6,7,0,0,east_west,YELLOW,30,1304
348,1740,1,39,14.30497823498619,19,20,0,0,east_west,YELLOW,30,2253
348,1740,2,16,13.398377003540732,7,9,0,0,east_west,YELLOW,30,1255
348,1740,3,4,13.26507081181769,0,4,0,0,east_west,YELLOW,30,1202
349,1745,0,19,12.818182267107511,9,7,1,2,north_south,GREEN,30,1304
349,1745,1,48,14.30497823498619,20,23,4,1,north_south,GREEN,30,2253
349,1745,2,18,13.398377003540732,8,9,0,1,north_south,GREEN,30,1255
349,1745,3,6,13.26507081181769,0,4,1,1,north_south,GREEN,30,1202
350,1750,0,6,12.865423992631413,0,0,4,2,north_south,GREEN,30,1321
350,1750,1,37,14.460699020460872,12,15,5,5,north_south,GREEN,30,2273
350,1750,2,4,13.476132710050026,0,1,1,2,north_south,GREEN,30,1275
350,1750,3,3,13.313391583527967,0,0,1,2,north_south,GREEN,30,1207
351,1755,0,6,12.83698695492985,0,0,4,2,north_south,GREEN,30,1324
351,1755,1,27,14.548735257332872,3,11,6,7,north_south,GREEN,30,2293
351,1755,2,4,13.434921704660097,0,0,1,3,north_south,GREEN,30,1279
351,1755,3,3,13.302240719828557,0,0,1,2,north_south,GREEN,30,1208
352,1760,0,9,12.83698695492985,0,0,5,4,north_south,GREEN,30,1324
352,1760,1,19,14.518760375694228,0,3,7,9,north_south,GREEN,30,2306
352,1760,2,4,13.413321875536372,0,0,1,3,north_south,GREEN,30,1281
352,1760,3,6,13.258275771540507,0,0,2,4,north_south,GREEN,30,1212
353,1765,0,9,12.826795235221372,0,0,5,4,north_south,GREEN,30,1325
353,1765,1,21,14.50341941181416,0,0,11,10,north_south,GREEN,30,2310
353,1765,2,6,13.402627154947515,0,0,2,4,north_south,GREEN,30,1282
353,1765,3,6,13.236541485032522,0,0,2,4,north_south,GREEN,30,1214
354,1770,0,12,12.806599950629801,0,0,6,6,north_south,GREEN,30,1327
354,1770,1,24,14.485569978246179,0,0,13,11,north_south,GREEN,30,2313
354,1770,2,9,13.392001655851141,0,0,3,6,north_south,GREEN,30,1283
354,1770,3,9,13.1832928974619,0,0,4,5,north_south,GREEN,30,1219
355,1775,0,12,12.797586301389524,0,0,6,6,north_south,YELLOW,30,1328
355,1775,1,26,14.473688169680194,0,0,13,13,north_south,YELLOW,30,2315
355,1775,2,10,13.392001655851141,0,0,3,7,north_south,YELLOW,30,1283
355,1775,3,9,13.17249488765339,0,0,4,5,north_south,YELLOW,30,1220
356,1780,0,18,12.797586301389524,1,0,8,9,east_west,GREEN,30,1328
356,1780,1,31,14.473688169680194,2,1,14,14,east_west,GREEN,30,2315
356,1780,2,17,13.392001655851141,3,2,4,8,east_west,GREEN,30,1283
356,1780,3,11,13.17249488765339,0,1,5,5,east_west,GREEN,30,1220
357,1785,0,2,12.891789326853395,1,1,0,0,east_west,GREEN,30,1347
357,1785,1,21,14.621701521036663,6,4,7,4,east_west,GREEN,30,2335
357,1785,2,10,13.451915355111147,6,4,0,0,east_west,GREEN,30,1296
357,1785,3,5,13.249868343828885,1,4,0,0,east_west,GREEN,30,1231
358,1790,0,4,12.891789326853395,2,2,0,0,east_west,GREEN,30,1347
358,1790,1,13,14.60835620951108,7,6,0,0,east_west,GREEN,30,2347
358,1790,2,11,13.441884490913617,6,5,0,0,east_west,GREEN,30,1297
358,1790,3,6,13.228109184054777,2,4,0,0,east_west,GREEN,30,1233
359,1795,0,4,12.883005201474225,2,2,0,0,east_west,GREEN,30,1348
359,1795,1,16,14.588016007153332,8,8,0,0,east_west,GREEN,30,2350
359,1795,2,16,13.441884490913617,9,7,0,0,east_west,GREEN,30,1297
359,1795,3,9,13.217582996360072,3,6,0,0,east_west,GREEN,30,1234
360,1800,0,5,12.874271851386263,3,2,0,0,east_west,GREEN,30,1349
360,1800,1,21,14.581767632682222,9,12,0,0,east_west,GREEN,30,2351
360,1800,2,18,13.431915165760243,10,8,0,0,east_west,GREEN,30,1298
360,1800,3,13,13.217582996360072,5,8,0,0,east_west,GREEN,30,1234
361,1805,0,8,12.823924119349584,4,4,0,0,east_west,GREEN,30,1354
361,1805,1,24,14.550262354056802,11,13,0,0,east_west,GREEN,30,2356
361,1805,2,19,13.422555056842612,11,8,0,0,east_west,GREEN,30,1299
361,1805,3,14,13.206490465702323,6,8,0,0,east_west,GREEN,30,1235
362,1810,0,11,12.793334435385765,6,5,0,0,east_west,YELLOW,30,1357
362,1810,1,29,14.531297811287947,13,16,0,0,east_west,YELLOW,30,2359
362,1810,2,24,13.393493722786479,14,10,0,0,east_west,YELLOW,30,1302
362,1810,3,17,13.16319137422703,6,11,0,0,east_west,YELLOW,30,1239
363,1815,0,15,12.793334435385765,8,6,0,1,north_south,GREEN,30,1357
363,1815,1,33,14.531297811287947,14,16,2,1,north_south,GREEN,30,2359
363,1815,2,25,13.393493722786479,14,10,0,1,north_south,GREEN,30,1302
363,1815,3,25,13.16319137422703,9,14,1,1,north_south,GREEN,30,1239
364,1820,0,1,12.821748547040551,0,0,0,1,north_south,GREEN,30,1373
364,1820,1,24,14.658790915657113,7,9,5,3,north_south,GREEN,30,2379
364,1820,2,11,13.631353445456499,9,0,0,2,north_south,GREEN,30,1322
364,1820,3,9,13.286635132518573,2,4,1,2,north_south,GREEN,30,1259
365,1825,0,5,12.802134161354092,0,0,1,4,north_south,GREEN,30,1375
365,1825,1,12,14.63581484163033,0,1,7,4,north_south,GREEN,30,2397
365,1825,2,6,13.595765409134787,1,0,1,4,north_south,GREEN,30,1332
365,1825,3,6,13.257642563974418,0,0,2,4,north_south,GREEN,30,1266
366,1830,0,7,12.773149104761048,0,0,2,5,north_south,GREEN,30,1378
366,1830,1,15,14.597423984315975,0,0,9,6,north_south,GREEN,30,2404
366,1830,2,6,13.577878795642425,0,0,1,5,north_south,GREEN,30,1334
366,1830,3,7,13.257642563974418,0,0,3,4,north_south,GREEN,30,1266
367,1835,0,9,12.754110739171908,0,0,3,6,north_south,GREEN,30,1380
367,1835,1,18,14.557519037073785,0,0,12,6,north_south,GREEN,30,2411
367,1835,2,7,13.546176269711502,0,0,1,6,north_south,GREEN,30,1337
367,1835,3,9,13.247288630652342,0,0,4,5,north_south,GREEN,30,1267
368,1840,0,10,12.754110739171908,0,0,3,7,north_south,GREEN,30,1380
368,1840,1,22,14.551714493803875,0,0,13,9,north_south,GREEN,30,2412
368,1840,2,10,13.524809651227129,0,0,2,8,north_south,GREEN,30,1339
368,1840,3,10,13.226769589539897,0,0,5,5,north_south,GREEN,30,1269
369,1845,0,10,12.745330698686695,0,0,3,7,north_south,YELLOW,30,1381
369,1845,1,25,14.529446607120665,0,0,14,11,north_south,YELLOW,30,2416
369,1845,2,11,13.524809651227129,0,0,3,8,north_south,YELLOW,30,1339
369,1845,3,14,13.196276491372533,0,0,9,5,north_south,YELLOW,30,1272
370,1850,0,13,12.745330698686695,0,2,3,8,east_west,GREEN,30,1381
370,1850,1,33,14.529446607120665,3,1,17,12,east_west,GREEN,30,2416
370,1850,2,18,13.524809651227129,2,2,5,9,east_west,GREEN,30,1339
370,1850,3,20,13.196276491372533,1,1,11,7,east_west,GREEN,30,1272
371,1855,0,3,12.817604921577693,0,3,0,0,east_west,GREEN,30,1394
371,1855,1,18,14.64489710362216,6,1,8,3,east_west,GREEN,30,2436
371,1855,2,6,13.599689143720685,2,4,0,0,east_west,GREEN,30,1353
371,1855,3,7,13.275076639875167,2,3,2,0,east_west,GREEN,30,1290
372,1860,0,5,12.79784257967643,1,4,0,0,east_west,GREEN,30,1396
372,1860,1,11,14.62445138432254,8,3,0,0,east_west,GREEN,30,2449
372,1860,2,7,13.57062648007956,3,4,0,0,east_west,GREEN,30,1356
372,1860,3,6,13.245897423007698,3,3,0,0,east_west,GREEN,30,1294
373,1865,0,7,12.772073660210626,2,5,0,0,east_west,GREEN,30,1399
373,1865,1,16,14.62445138432254,13,3,0,0,east_west,GREEN,30,2449
373,1865,2,8,13.56150567920832,4,4,0,0,east_west,GREEN,30,1357
373,1865,3,7,13.245897423007698,3,4,0,0,east_west,GREEN,30,1294
374,1870,0,9,12.752539784689723,3,6,0,0,east_west,GREEN,30,1401
374,1870,1,22,14.611870451323046,15,7,0,0,east_west,GREEN,30,2451
374,1870,2,8,13.53295140035392,4,4,0,0,east_west,GREEN,30,1360
374,1870,3,9,13.235217956439968,4,5,0,0,east_west,GREEN,30,1295
375,1875,0,9,12.724737854728808,3,6,0,0,east_west,GREEN,30,1404
375,1875,1,25,14.592824607830622,18,7,0,0,east_west,GREEN,30,2454
375,1875,2,10,13.53295140035392,6,4,0,0,east_west,GREEN,30,1360
375,1875,3,11,13.224606729275227,5,6,0,0,east_west,GREEN,30,1296
376,1880,0,11,12.699545574426857,3,8,0,0,east_west,YELLOW,30,1407
376,1880,1,30,14.561476685805673,19,11,0,0,east_west,YELLOW,30,2459
376,1880,2,10,13.514867053798874,6,4,0,0,east_west,YELLOW,30,1362
376,1880,3,14,13.224606729275227,7,7,0,0,east_west,YELLOW,30,1296
377,1885,0,15,12.699545574426857,4,10,1,0,north_south,GREEN,30,1407
377,1885,1,34,14.561476685805673,20,12,1,1,north_south,GREEN,30,2459
377,1885,2,13,13.514867053798874,7,5,0,1,north_south,GREEN,30,1362
377,1885,3,19,13.224606729275227,8,10,0,1,north_south,GREEN,30,1296
378,1890,0,1,12.785074168324723,0,0,1,0,north_south,GREEN,30,1421
378,1890,1,20,14.659273482280192,10,4,4,2,north_south,GREEN,30,2479
378,1890,2,3,13.585038762037321,0,0,0,3,north_south,GREEN,30,1378
378,1890,3,3,13.308430455695284,0,1,1,1,north_south,GREEN,30,1315
379,1895,0,1,12.757173836206984,0,0,1,0,north_south,GREEN,30,1424
379,1895,1,11,14.672178235008342,2,0,6,3,north_south,GREEN,30,2494
379,1895,2,5,13.565246178057773,0,0,0,5,north_south,GREEN,30,1380
379,1895,3,4,13.262697621244914,0,0,2,2,north_south,GREEN,30,1320
380,1900,0,7,12.748482996851457,0,0,3,4,north_south,GREEN,30,1425
380,1900,1,16,14.637097738963991,0,0,9,7,north_south,GREEN,30,2501
380,1900,2,7,13.534657519848725,0,0,2,5,north_south,GREEN,30,1383
380,1900,3,5,13.252924665097336,0,0,2,3,north_south,GREEN,30,1321
381,1905,0,9,12.730145490431326,0,0,3,6,north_south,GREEN,30,1427
381,1905,1,17,14.620704516612388,0,0,10,7,north_south,GREEN,30,2504
381,1905,2,12,13.515319926397613,0,0,3,9,north_south,GREEN,30,1385
381,1905,3,7,13.233392537556762,0,0,4,3,north_south,GREEN,30,1323
382,1910,0,10,12.721501755896153,0,0,4,6,north_south,GREEN,30,1428
382,1910,1,20,14.58777170074421,0,0,11,9,north_south,GREEN,30,2510
382,1910,2,13,13.493458370531943,0,0,3,10,north_south,GREEN,30,1387
382,1910,3,9,13.194674031923523,0,0,6,3,north_south,GREEN,30,1327
383,1915,0,12,12.71241048510758,0,0,4,8,north_south,YELLOW,30,1429
383,1915,1,23,14.570887396156213,0,0,13,10,north_south,YELLOW,30,2513
383,1915,2,15,13.46226050417641,0,0,5,10,north_south,YELLOW,30,1390
383,1915,3,13,13.194674031923523,0,0,8,5,north_south,YELLOW,30,1327
384,1920,0,15,12.71241048510758,0,1,6,8,east_west,GREEN,30,1429
384,1920,1,30,14.570887396156213,2,1,15,12,east_west,GREEN,30,2513
384,1920,2,16,13.46226050417641,0,0,6,10,east_west,GREEN,30,1390
384,1920,3,17,13.194674031923523,1,1,8,7,east_west,GREEN,30,1327
385,1925,0,3,12.752648210089546,1,2,0,0,east_west,GREEN,30,1446
385,1925,1,19,14.675352579665514,2,3,9,5,east_west,GREEN,30,2533
385,1925,2,3,13.554669921159126,0,2,0,1,east_west,GREEN,30,1408
385,1925,3,3,13.23481111317156,1,2,0,0,east_west,GREEN,30,1344
386,1930,0,5,12.743291835305463,1,4,0,0,east_west,GREEN,30,1447
386,1930,1,10,14.640011587515009,4,6,0,0,east_west,GREEN,30,2547
386,1930,2,4,13.521347714917239,1,3,0,0,east_west,GREEN,30,1412
386,1930,3,5,13.214694641984764,1,4,0,0,east_west,GREEN,30,1346
387,1935,0,6,12.72578331573881,2,4,0,0,east_west,GREEN,30,1449
387,1935,1,12,14.627456700797005,4,8,0,0,east_west,GREEN,30,2549
387,1935,2,5,13.521347714917239,2,3,0,0,east_west,GREEN,30,1412
387,1935,3,6,13.194103031016716,1,5,0,0,east_west,GREEN,30,1348
388,1940,0,6,12.69916944902064,2,4,0,0,east_west,GREEN,30,1452
388,1940,1,15,14.608775756010008,7,8,0,0,east_west,GREEN,30,2552
388,1940,2,7,13.521347714917239,4,3,0,0,east_west,GREEN,30,1412
388,1940,3,7,13.183902557064952,1,6,0,0,east_west,GREEN,30,1349
389,1945,0,10,12.69916944902064,4,6,0,0,east_west,GREEN,30,1452
389,1945,1,19,14.597099399420859,10,9,0,0,east_west,GREEN,30,2554
389,1945,2,8,13.476900869684053,4,4,0,0,east_west,GREEN,30,1417
389,1945,3,8,13.17423430041518,1,7,0,0,east_west,GREEN,30,1350
390,1950,0,13,12.682983894257038,5,8,0,0,east_west,YELLOW,30,1454
390,1950,1,24,14.59091239844539,11,13,0,0,east_west,YELLOW,30,2555
390,1950,2,11,13.450665656237975,4,7,0,0,east_west,YELLOW,30,1420
390,1950,3,11,13.1550635286582,2,9,0,0,east_west,YELLOW,30,1352
391,1955,0,16,12.682983894257038,6,9,1,0,north_south,GREEN,30,1454
391,1955,1,27,14.59091239844539,12,13,1,1,north_south,GREEN,30,2555
391,1955,2,13,13.450665656237975,5,8,0,0,north_south,GREEN,30,1420
391,1955,3,18,13.1550635286582,4,11,3,0,north_south,GREEN,30,1352
392,1960,0,2,12.74405369876176,0,0,2,0,north_south,GREEN,30,1470
392,1960,1,15,14.67673505046399,3,4,5,3,north_south,GREEN,30,2575
392,1960,2,5,13.474794189809085,0,0,1,4,north_south,GREEN,30,1435
392,1960,3,5,13.22688210081621,0,1,4,0,north_south,GREEN,30,1366
393,1965,0,4,12.735145846377598,0,0,2,2,north_south,GREEN,30,1471
393,1965,1,9,14.657753786669884,0,0,5,4,north_south,GREEN,30,2584
393,1965,2,8,13.465384625076055,0,0,3,5,north_south,GREEN,30,1436
393,1965,3,7,13.224670270684763,0,0,5,2,north_south,GREEN,30,1367
394,1970,0,7,12.735145846377598,0,0,2,5,north_south,GREEN,30,1471
394,1970,1,11,14.641540979649639,0,0,6,5,north_south,GREEN,30,2587
394,1970,2,12,13.435137039088342,0,0,5,7,north_south,GREEN,30,1439
394,1970,3,7,13.224670270684763,0,0,5,2,north_south,GREEN,30,1367
395,1975,0,10,12.717775899850249,0,0,3,7,north_south,GREEN,30,1473
395,1975,1,16,14.619766324940716,0,0,7,9,north_south,GREEN,30,2591
395,1975,2,16,13.424777923066243,0,0,6,10,north_south,GREEN,30,1440
395,1975,3,10,13.205622651637144,0,0,5,5,north_south,GREEN,30,1369
396,1980,0,15,12.717775899850249,0,0,8,7,north_south,GREEN,30,1473
396,1980,1,22,14.587996247668354,0,0,10,12,north_south,GREEN,30,2597
396,1980,2,18,13.414475725264046,0,0,7,11,north_south,GREEN,30,1441
396,1980,3,11,13.177385604931233,0,0,6,5,north_south,GREEN,30,1372
397,1985,0,18,12.700499251011978,0,0,10,8,north_south,YELLOW,30,1475
397,1985,1,25,14.572314228464542,0,0,10,15,north_south,YELLOW,30,2600
397,1985,2,21,13.395919137479224,0,0,8,13,north_south,YELLOW,30,1443
397,1985,3,12,13.140207631874299,0,0,6,6,north_south,YELLOW,30,1376
398,1990,0,20,12.700499251011978,1,0,11,8,east_west,GREEN,30,1475
398,1990,1,30,14.572314228464542,2,0,11,17,east_west,GREEN,30,2600
398,1990,2,29,13.395919137479224,1,2,12,14,east_west,GREEN,30,1443
398,1990,3,18,13.140207631874299,1,1,8,8,east_west,GREEN,30,1376
399,1995,0,4,12.782833622821896,1,1,1,1,east_west,GREEN,30,1495
399,1995,1,14,14.667126548271538,3,1,3,7,east_west,GREEN,30,2620
399,1995,2,10,13.548529235484203,2,2,2,4,east_west,GREEN,30,1463
399,1995,3,5,13.208967154140874,3,2,0,0,east_west,GREEN,30,1395
400,2000,0,10,12.767925959169311,5,5,0,0,east_west,GREEN,30,1498
400,2000,1,9,14.652763213044459,6,3,0,0,east_west,GREEN,30,2631
400,2000,2,4,13.523492068583348,2,2,0,0,east_west,GREEN,30,1472
400,2000,3,11,13.208967154140874,7,4,0,0,east_west,GREEN,30,1395
401,2005,0,12,12.743258707875048,6,6,0,0,east_west,GREEN,30,1501
401,2005,1,11,14.628854741752978,8,3,0,0,east_west,GREEN,30,2635
401,2005,2,6,13.498913811130926,4,2,0,0,east_west,GREEN,30,1475
401,2005,3,12,13.199113726667463,8,4,0,0,east_west,GREEN,30,1396
402,2010,0,15,12.7354668196408,9,6,0,0,east_west,GREEN,30,1502
402,2010,1,14,14.623140752869283,10,4,0,0,east_west,GREEN,30,2636
402,2010,2,8,13.463192451880156,5,3,0,0,east_west,GREEN,30,1479
402,2010,3,14,13.18931895054806,9,5,0,0,east_west,GREEN,30,1397
403,2015,0,16,12.72771551415777,10,6,0,0,east_west,GREEN,30,1503
403,2015,1,16,14.588823775949262,10,6,0,0,east_west,GREEN,30,2642
403,2015,2,9,13.43689365589632,6,3,0,0,east_west,GREEN,30,1482
403,2015,3,16,13.170142501744877,10,6,0,0,east_west,GREEN,30,1399
404,2020,0,18,12.702226570998302,11,7,0,0,east_west,YELLOW,30,1506
404,2020,1,17,14.571233159562288,11,6,0,0,east_west,YELLOW,30,2645
404,2020,2,10,13.43689365589632,7,3,0,0,east_west,YELLOW,30,1482
404,2020,3,17,13.14174032512324,11,6,0,0,east_west,YELLOW,30,1402
405,2025,0,20,12.702226570998302,11,7,1,1,north_south,GREEN,30,1506
405,2025,1,22,14.571233159562288,11,8,2,1,north_south,GREEN,30,2645
405,2025,2,12,13.43689365589632,8,4,0,0,north_south,GREEN,30,1482
405,2025,3,22,13.14174032512324,11,6,0,5,north_south,GREEN,30,1402
406,2030,0,6,12.828050420084068,4,0,1,1,north_south,GREEN,30,1526
406,2030,1,6,14.632862404783316,1,0,3,2,north_south,GREEN,30,2664
406,2030,2,1,13.476324314956715,0,0,1,0,north_south,GREEN,30,1498
406,2030,3,10,13.31619058000214,3,0,2,5,north_south,GREEN,30,1418
407,2035,0,2,12.813792273279677,0,0,1,1,north_south,GREEN,30,1530
407,2035,1,9,14.611707741353927,0,0,4,5,north_south,GREEN,30,2669
407,2035,2,4,13.458312417189383,0,0,2,2,north_south,GREEN,30,1500
407,2035,3,8,13.27773609127058,0,0,3,5,north_south,GREEN,30,1424
408,2040,0,4,12.805490039342622,0,0,1,3,north_south,GREEN,30,1531
408,2040,1,11,14.596290913801363,0,0,4,7,north_south,GREEN,30,2672
408,2040,2,6,13.419218434781374,0,0,2,4,north_south,GREEN,30,1504
408,2040,3,12,13.259429801328274,0,0,5,7,north_south,GREEN,30,1426
409,2045,0,4,12.805490039342622,0,0,1,3,north_south,GREEN,30,1531
409,2045,1,16,14.570244032744691,0,0,6,10,north_south,GREEN,30,2677
409,2045,2,9,13.40038724387047,0,0,3,6,north_south,GREEN,30,1506
409,2045,3,17,13.241412686998686,0,0,8,9,north_south,GREEN,30,1428
410,2050,0,5,12.788259462901522,0,0,1,4,north_south,GREEN,30,1533
410,2050,1,17,14.534837195453655,0,0,7,10,north_south,GREEN,30,2684
410,2050,2,12,13.390494195742129,0,0,4,8,north_south,GREEN,30,1507
410,2050,3,20,13.232478786384984,0,0,8,12,north_south,GREEN,30,1429
411,2055,0,5,12.77971201159609,0,0,1,4,north_south,YELLOW,30,1534
411,2055,1,18,14.52001662903509,0,0,7,11,north_south,YELLOW,30,2687
411,2055,2,15,13.380653770210214,0,0,6,9,north_south,YELLOW,30,1508
411,2055,3,23,13.196226481882125,0,0,9,14,north_south,YELLOW,30,1433
412,2060,0,8,12.77971201159609,1,0,2,5,east_west,GREEN,30,1534
412,2060,1,23,14.52001662903509,1,2,8,12,east_west,GREEN,30,2687
412,2060,2,19,13.380653770210214,0,1,8,10,east_west,GREEN,30,1508
412,2060,3,24,13.196226481882125,0,0,10,14,east_west,GREEN,30,1433
413,2065,0,5,12.81436251341189,2,3,0,0,east_west,GREEN,30,1542
413,2065,1,10,14.59844092168642,4,3,0,3,east_west,GREEN,30,2706
413,2065,2,4,13.440886298668318,1,2,0,1,east_west,GREEN,30,1526
413,2065,3,8,13.38221863006978,0,2,2,4,east_west,GREEN,30,1453
414,2070,0,8,12.81436251341189,3,5,0,0,east_west,GREEN,30,1542
414,2070,1,8,14.576462895805797,4,4,0,0,east_west,GREEN,30,2712
414,2070,2,4,13.418524010120146,1,3,0,0,east_west,GREEN,30,1529
414,2070,3,3,13.372154261858253,0,3,0,0,east_west,GREEN,30,1460
415,2075,0,10,12.797957371270474,4,6,0,0,east_west,GREEN,30,1544
415,2075,1,10,14.558805764554162,5,5,0,0,east_west,GREEN,30,2715
415,2075,2,8,13.3937079867586,2,6,0,0,east_west,GREEN,30,1532
415,2075,3,4,13.353967465863256,0,4,0,0,east_west,GREEN,30,1462
416,2080,0,10,12.782819204681608,4,6,0,0,east_west,GREEN,30,1546
416,2080,1,16,14.529998528325944,8,8,0,0,east_west,GREEN,30,2720
416,2080,2,10,13.369102140561676,2,8,0,0,east_west,GREEN,30,1535
416,2080,3,6,13.353967465863256,2,4,0,0,east_west,GREEN,30,1462
417,2085,0,14,12.774087505366476,8,6,0,0,east_west,GREEN,30,1547
417,2085,1,19,14.507779446020697,11,8,0,0,east_west,GREEN,30,2724
417,2085,2,14,13.361192312600433,5,9,0,0,east_west,GREEN,30,1536
417,2085,3,8,13.353967465863256,2,6,0,0,east_west,GREEN,30,1462
418,2090,0,14,12.756760185167092,8,6,0,0,east_west,YELLOW,30,1549
418,2090,1,21,14.491142339135484,12,9,0,0,east_west,YELLOW,30,2727
418,2090,2,14,13.345057934860444,5,9,0,0,east_west,YELLOW,30,1538
418,2090,3,12,13.344394555698567,3,9,0,0,east_west,YELLOW,30,1463
419,2095,0,20,12.756760185167092,10,8,1,1,north_south,GREEN,30,1549
419,2095,1,26,14.491142339135484,12,11,3,0,north_south,GREEN,30,2727
419,2095,2,17,13.345057934860444,7,9,0,1,north_south,GREEN,30,1538
419,2095,3,17,13.344394555698567,4,11,1,1,north_south,GREEN,30,1463
420,2100,0,3,12.845195089421528,0,0,2,1,north_south,GREEN,30,1569
420,2100,1,14,14.567128490173506,3,4,4,3,north_south,GREEN,30,2747
420,2100,2,2,13.417652478091298,0,0,0,2,north_south,GREEN,30,1555
420,2100,3,5,13.37754079335492,0,1,3,1,north_south,GREEN,30,1478
421,2105,0,3,12.811849885627296,0,0,2,1,north_south,GREEN,30,1573
421,2105,1,9,14.534585812706386,0,0,6,3,north_south,GREEN,30,2758
421,2105,2,4,13.408984153737105,0,0,1,3,north_south,GREEN,30,1556
421,2105,3,6,13.340265073151704,0,0,4,2,north_south,GREEN,30,1483
422,2110,0,4,12.79545556310056,0,0,3,1,north_south,GREEN,30,1575
422,2110,1,12,14.519830695186247,0,0,7,5,north_south,GREEN,30,2761
422,2110,2,4,13.383250065810596,0,0,1,3,north_south,GREEN,30,1559
422,2110,3,9,13.31423638066924,0,0,4,5,north_south,GREEN,30,1486
423,2115,0,8,12.79545556310056,0,0,6,2,north_south,GREEN,30,1575
423,2115,1,15,14.505143696498818,0,0,8,7,north_south,GREEN,30,2764
423,2115,2,4,13.366316235931494,0,0,1,3,north_south,GREEN,30,1561
423,2115,3,10,13.288469184902043,0,0,5,5,north_south,GREEN,30,1489
424,2120,0,12,12.787265984696875,0,0,8,4,north_south,GREEN,30,1576
424,2120,1,19,14.48039003915023,0,0,9,10,north_south,GREEN,30,2769
424,2120,2,5,13.331510130373028,0,0,2,3,north_south,GREEN,30,1565
424,2120,3,11,13.271302597044064,0,0,6,5,north_south,GREEN,30,1491
425,2125,0,14,12.76288711380801,0,0,9,5,north_south,YELLOW,30,1579
425,2125,1,26,14.47564419139663,0,0,11,15,north_south,YELLOW,30,2770
425,2125,2,5,13.321828575701113,0,0,2,3,north_south,YELLOW,30,1566
425,2125,3,11,13.245834257620476,0,0,6,5,north_south,YELLOW,30,1494
426,2130,0,15,12.76288711380801,0,0,9,6,east_west,GREEN,30,1579
426,2130,1,32,14.47564419139663,2,4,11,15,east_west,GREEN,30,2770
426,2130,2,9,13.321828575701113,0,1,4,4,east_west,GREEN,30,1566
426,2130,3,14,13.245834257620476,1,0,7,6,east_west,GREEN,30,1494
427,2135,0,6,12.829349751234522,2,4,0,0,east_west,GREEN,30,1595
427,2135,1,16,14.562796786368253,2,6,3,5,east_west,GREEN,30,2790
427,2135,2,5,13.345668003684349,1,4,0,0,east_west,GREEN,30,1576
427,2135,3,5,13.330521771121884,2,3,0,0,east_west,GREEN,30,1509
428,2140,0,6,12.814408830836513,2,4,0,0,east_west,GREEN,30,1597
428,2140,1,10,14.54573135017138,4,6,0,0,east_west,GREEN,30,2800
428,2140,2,6,13.321566273937222,1,5,0,0,east_west,GREEN,30,1579
428,2140,3,5,13.312126978003459,2,3,0,0,east_west,GREEN,30,1511
429,2145,0,7,12.776505761901488,2,5,0,0,east_west,GREEN,30,1602
429,2145,1,14,14.5294173331242,5,9,0,0,east_west,GREEN,30,2803
429,2145,2,6,13.306318158359332,1,5,0,0,east_west,GREEN,30,1581
429,2145,3,7,13.284969084658481,2,5,0,0,east_west,GREEN,30,1514
430,2150,0,9,12.776505761901488,3,6,0,0,east_west,GREEN,30,1602
430,2150,1,21,14.496622927475928,10,11,0,0,east_west,GREEN,30,2809
430,2150,2,9,13.290601773938004,2,7,0,0,east_west,GREEN,30,1583
430,2150,3,8,13.248294561889027,2,6,0,0,east_west,GREEN,30,1518
431,2155,0,11,12.76808588874046,4,7,0,0,east_west,GREEN,30,1603
431,2155,1,24,14.480954612291079,12,12,0,0,east_west,GREEN,30,2812
431,2155,2,13,13.282492455483856,6,7,0,0,east_west,GREEN,30,1584
431,2155,3,9,13.221613508905227,2,7,0,0,east_west,GREEN,30,1521
432,2160,0,12,12.743080774239571,5,7,0,0,east_west,YELLOW,30,1606
432,2160,1,25,14.464118895629953,13,12,0,0,east_west,YELLOW,30,2815
432,2160,2,14,13.27442288859076,6,8,0,0,east_west,YELLOW,30,1585
432,2160,3,10,13.195703350361482,2,8,0,0,east_west,YELLOW,30,1524
433,2165,0,17,12.743080774239571,8,8,0,1,north_south,GREEN,30,1606
433,2165,1,29,14.464118895629953,14,14,0,1,north_south,GREEN,30,2815
433,2165,2,21,13.27442288859076,7,10,3,1,north_south,GREEN,30,1585
433,2165,3,11,13.195703350361482,2,8,1,0,north_south,GREEN,30,1524
434,2170,0,4,12.812833831604218,0,0,1,3,north_south,GREEN,30,1623
434,2170,1,13,14.567450019028975,5,6,0,2,north_south,GREEN,30,2835
434,2170,2,4,13.330696911544905,0,0,3,1,north_south,GREEN,30,1604
434,2170,3,4,13.248007372339876,0,0,2,2,north_south,GREEN,30,1539
435,2175,0,7,12.796847934713167,0,0,3,4,north_south,GREEN,30,1625
435,2175,1,4,14.543113032768487,0,0,1,3,north_south,GREEN,30,2850
435,2175,2,6,13.314553695464504,0,0,4,2,north_south,GREEN,30,1606
435,2175,3,5,13.239670760103007,0,0,3,2,north_south,GREEN,30,1540
436,2180,0,8,12.772995010124282,0,0,4,4,north_south,GREEN,30,1628
436,2180,1,9,14.533215669572229,0,0,5,4,north_south,GREEN,30,2852
436,2180,2,8,13.298571108399827,0,0,6,2,north_south,GREEN,30,1608
436,2180,3,12,13.22312481215197,0,0,5,7,north_south,GREEN,30,1542
437,2185,0,8,12.725845011938127,0,0,4,4,north_south,GREEN,30,1634
437,2185,1,15,14.513977697620474,0,0,8,7,north_south,GREEN,30,2856
437,2185,2,12,13.298571108399827,0,0,9,3,north_south,GREEN,30,1608
437,2185,3,20,13.214914830364084,0,0,11,9,north_south,GREEN,30,1543
438,2190,0,10,12.725845011938127,0,0,6,4,north_south,GREEN,30,1634
438,2190,1,17,14.480446383437075,0,0,9,8,north_south,GREEN,30,2863
438,2190,2,14,13.273221810022882,0,0,11,3,north_south,GREEN,30,1611
438,2190,3,23,13.214914830364084,0,0,13,10,north_south,GREEN,30,1543
439,2195,0,12,12.725845011938127,0,0,7,5,north_south,YELLOW,30,1634
439,2195,1,19,14.466328411385666,0,0,11,8,north_south,YELLOW,30,2866
439,2195,2,20,13.263744599408405,0,0,15,5,north_south,YELLOW,30,1612
439,2195,3,23,13.206746418104236,0,0,13,10,north_south,YELLOW,30,1544
440,2200,0,17,12.725845011938127,2,0,7,8,east_west,GREEN,30,1634
440,2200,1,28,14.466328411385666,0,1,12,15,east_west,GREEN,30,2866
440,2200,2,23,13.263744599408405,0,3,15,5,east_west,GREEN,30,1612
440,2200,3,29,13.206746418104236,2,2,14,11,east_west,GREEN,30,1544
441,2205,0,4,12.79409241936072,3,1,0,0,east_west,GREEN,30,1651
441,2205,1,14,14.516400319408499,2,1,3,8,east_west,GREEN,30,2886
441,2205,2,9,13.38419886460056,1,3,5,0,east_west,GREEN,30,1627
441,2205,3,12,13.357966138332886,2,4,5,1,east_west,GREEN,30,1564
442,2210,0,6,12.79409241936072,5,1,0,0,east_west,GREEN,30,1651
442,2210,1,5,14.4504451543575,4,1,0,0,east_west,GREEN,30,2905
442,2210,2,7,13.371304815800666,2,5,0,0,east_west,GREEN,30,1635
442,2210,3,10,13.362310648971153,5,5,0,0,east_west,GREEN,30,1570
443,2215,0,6,12.770628614662886,5,1,0,0,east_west,GREEN,30,1654
443,2215,1,8,14.419567822923675,5,3,0,0,east_west,GREEN,30,2911
443,2215,2,8,13.36383232489387,2,6,0,0,east_west,GREEN,30,1636
443,2215,3,10,13.353876040408903,5,5,0,0,east_west,GREEN,30,1571
444,2220,0,7,12.770628614662886,5,2,0,0,east_west,GREEN,30,1654
444,2220,1,9,14.384498707090193,6,3,0,0,east_west,GREEN,30,2918
444,2220,2,12,13.36383232489387,4,8,0,0,east_west,GREEN,30,1636
444,2220,3,12,13.328064398048072,7,5,0,0,east_west,GREEN,30,1574
445,2225,0,9,12.762568544669119,6,3,0,0,east_west,GREEN,30,1655
445,2225,1,12,14.368895137631977,8,4,0,0,east_west,GREEN,30,2921
445,2225,2,16,13.32534447053728,5,11,0,0,east_west,GREEN,30,1641
445,2225,3,14,13.310734479980875,9,5,0,0,east_west,GREEN,30,1576
446,2230,0,10,12.747357975129805,7,3,0,0,east_west,YELLOW,30,1657
446,2230,1,13,14.363565992819478,9,4,0,0,east_west,YELLOW,30,2922
446,2230,2,18,13.310170272254833,6,12,0,0,east_west,YELLOW,30,1643
446,2230,3,16,13.286038609118785,9,7,0,0,east_west,YELLOW,30,1579
447,2235,0,15,12.747357975129805,8,4,2,1,north_south,GREEN,30,1657
447,2235,1,20,14.363565992819478,10,7,1,2,north_south,GREEN,30,2922
447,2235,2,23,13.310170272254833,7,13,1,2,north_south,GREEN,30,1643
447,2235,3,18,13.286038609118785,9,8,0,1,north_south,GREEN,30,1579
448,2240,0,3,12.812942174660659,0,0,2,1,north_south,GREEN,30,1670
448,2240,1,12,14.384969789793605,3,0,5,4,north_south,GREEN,30,2941
448,2240,2,9,13.413984358975318,0,4,3,2,north_south,GREEN,30,1660
448,2240,3,3,13.40980867104729,1,0,0,2,north_south,GREEN,30,1598
449,2245,0,4,12.797550930946127,0,0,3,1,north_south,GREEN,30,1672
449,2245,1,9,14.347414531903663,0,0,5,4,north_south,GREEN,30,2950
449,2245,2,7,13.372935808620753,0,0,3,4,north_south,GREEN,30,1668
449,2245,3,2,13.388703006559274,0,0,0,2,north_south,GREEN,30,1601
450,2250,0,5,12.789910017301114,0,0,4,1,north_south,GREEN,30,1673
450,2250,1,13,14.338153410217524,0,0,7,6,north_south,GREEN,30,2952
450,2250,2,10,13.365223008442957,0,0,6,4,north_south,GREEN,30,1669
450,2250,3,3,13.340859519382487,0,0,1,2,north_south,GREEN,30,1607
451,2255,0,6,12.766969124763982,0,0,5,1,north_south,GREEN,30,1676
451,2255,1,16,14.32914894976515,0,0,8,8,north_south,GREEN,30,2954
451,2255,2,13,13.340720455309576,0,0,7,6,north_south,GREEN,30,1672
451,2255,3,8,13.340859519382487,0,0,3,5,north_south,GREEN,30,1607
452,2260,0,7,12.766969124763982,0,0,5,2,north_south,GREEN,30,1676
452,2260,1,22,14.319935802884103,0,0,13,9,north_south,GREEN,30,2956
452,2260,2,17,13.333118363905776,0,0,9,8,north_south,GREEN,30,1673
452,2260,3,11,13.340859519382487,0,0,4,7,north_south,GREEN,30,1607
453,2265,0,11,12.72139077997672,0,0,6,5,north_south,YELLOW,30,1682
453,2265,1,25,14.301580882604677,0,0,15,10,north_south,YELLOW,30,2960
453,2265,2,19,13.314873861697459,0,0,10,9,north_south,YELLOW,30,1675
453,2265,3,13,13.340859519382487,0,0,4,9,north_south,YELLOW,30,1607
454,2270,0,20,12.72139077997672,0,0,11,9,east_west,GREEN,30,1682
454,2270,1,32,14.301580882604677,2,1,18,11,east_west,GREEN,30,2960
454,2270,2,23,13.314873861697459,1,1,11,10,east_west,GREEN,30,1675
454,2270,3,16,13.340859519382487,1,2,4,9,east_west,GREEN,30,1607
455,2275,0,6,12.752102437146954,1,1,4,0,east_west,GREEN,30,1701
455,2275,1,19,14.391279411270085,3,3,12,1,east_west,GREEN,30,2980
455,2275,2,8,13.440244184326108,1,2,1,4,east_west,GREEN,30,1695
455,2275,3,6,13.370984387188214,4,2,0,0,east_west,GREEN,30,1623
456,2280,0,3,12.724593634330052,1,2,0,0,east_west,GREEN,30,1707
456,2280,1,11,14.372498293475145,4,3,4,0,east_west,GREEN,30,2993
456,2280,2,5,13.397418649209577,3,2,0,0,east_west,GREEN,30,1703
456,2280,3,11,13.354952536871227,7,4,0,0,east_west,GREEN,30,1625
457,2285,0,3,12.702130116057077,1,2,0,0,east_west,GREEN,30,1710
457,2285,1,8,14.341633749148286,4,4,0,0,east_west,GREEN,30,3001
457,2285,2,6,13.375410159362843,3,3,0,0,east_west,GREEN,30,1706
457,2285,3,14,13.32862644565964,8,6,0,0,east_west,GREEN,30,1628
458,2290,0,5,12.702130116057077,3,2,0,0,east_west,GREEN,30,1710
458,2290,1,9,14.33166868695755,5,4,0,0,east_west,GREEN,30,3003
458,2290,2,7,13.375410159362843,4,3,0,0,east_west,GREEN,30,1706
458,2290,3,16,13.319940171909623,9,7,0,0,east_west,GREEN,30,1629
459,2295,0,8,12.695245610783614,4,4,0,0,east_west,GREEN,30,1711
459,2295,1,13,14.317257223667893,6,7,0,0,east_west,GREEN,30,3006
459,2295,2,9,13.367876942026557,6,3,0,0,east_west,GREEN,30,1707
459,2295,3,16,13.302699234617926,9,7,0,0,east_west,GREEN,30,1631
460,2300,0,15,12.672992635993129,7,8,0,0,east_west,YELLOW,30,1714
460,2300,1,16,14.312479979728167,8,8,0,0,east_west,YELLOW,30,3007
460,2300,2,12,13.353207490175947,8,4,0,0,east_west,YELLOW,30,1709
460,2300,3,17,13.294143908052522,9,8,0,0,east_west,YELLOW,30,1632
461,2305,0,16,12.672992635993129,8,8,0,0,north_south,GREEN,30,1714
461,2305,1,22,14.312479979728167,10,9,1,2,north_south,GREEN,30,3007
461,2305,2,16,13.353207490175947,10,5,1,0,north_south,GREEN,30,1709
461,2305,3,24,13.294143908052522,9,10,2,3,north_south,GREEN,30,1632
462,2310,0,2,12.68129153785467,0,0,1,1,north_south,GREEN,30,1733
462,2310,1,7,14.355563515503473,0,0,3,4,north_south,GREEN,30,3026
462,2310,2,2,13.4076418209453,0,0,1,1,north_south,GREEN,30,1724
462,2310,3,8,13.443131073932317,1,0,3,4,north_south,GREEN,30,1652
463,2315,0,5,12.65913933150054,0,0,2,3,north_south,GREEN,30,1736
463,2315,1,10,14.34671899910364,0,0,3,7,north_south,GREEN,30,3028
463,2315,2,6,13.4076418209453,0,0,4,2,north_south,GREEN,30,1724
463,2315,3,8,13.406341751037644,0,0,3,5,north_south,GREEN,30,1657
464,2320,0,7,12.644423136519912,0,0,3,4,north_south,GREEN,30,1738
464,2320,1,13,14.34231406045281,0,0,4,9,north_south,GREEN,30,3029
464,2320,2,6,13.382212782565922,0,0,4,2,north_south,GREEN,30,1727
464,2320,3,9,13.398214226411465,0,0,4,5,north_south,GREEN,30,1658
465,2325,0,11,12.637114755904534,0,0,6,5,north_south,GREEN,30,1739
465,2325,1,16,14.328373497141822,0,0,5,11,north_south,GREEN,30,3032
465,2325,2,9,13.358472446978539,0,0,5,4,north_south,GREEN,30,1730
465,2325,3,12,13.390126060258055,0,0,5,7,north_south,GREEN,30,1659
466,2330,0,12,12.637114755904534,0,0,7,5,north_south,GREEN,30,1739
466,2330,1,18,14.310603540211083,0,0,6,12,north_south,GREEN,30,3036
466,2330,2,13,13.34959403992419,0,0,7,6,north_south,GREEN,30,1731
466,2330,3,13,13.382076967371084,0,0,5,8,north_south,GREEN,30,1660
467,2335,0,20,12.637114755904534,0,0,12,8,north_south,YELLOW,30,1739
467,2335,1,19,14.278947343641537,0,0,6,13,north_south,YELLOW,30,3043
467,2335,2,14,13.333398625096876,0,0,7,7,north_south,YELLOW,30,1733
467,2335,3,15,13.382076967371084,0,0,5,10,north_south,YELLOW,30,1660
468,2340,0,26,12.637114755904534,3,1,14,8,east_west,GREEN,30,1739
468,2340,1,29,14.278947343641537,2,3,7,17,east_west,GREEN,30,3043
468,2340,2,16,13.333398625096876,0,1,7,8,east_west,GREEN,30,1733
468,2340,3,19,13.382076967371084,1,1,6,11,east_west,GREEN,30,1660
469,2345,0,9,12.71826740212585,3,1,5,0,east_west,GREEN,30,1757
469,2345,1,17,14.34575984851216,2,6,0,9,east_west,GREEN,30,3063
469,2345,2,2,13.396209951504758,0,2,0,0,east_west,GREEN,30,1750
469,2345,3,7,13.49953429453814,3,2,0,2,east_west,GREEN,30,1677
470,2350,0,9,12.694373598338117,4,5,0,0,east_west,GREEN,30,1765
470,2350,1,12,14.335560057465575,4,7,0,1,east_west,GREEN,30,3073
470,2350,2,5,13.396209951504758,2,3,0,0,east_west,GREEN,30,1750
470,2350,3,6,13.468096955302247,3,3,0,0,east_west,GREEN,30,1682
471,2355,0,12,12.679292633156345,5,7,0,0,east_west,GREEN,30,1767
471,2355,1,14,14.318107269679077,6,8,0,0,east_west,GREEN,30,3077
471,2355,2,9,13.381745397124345,4,5,0,0,east_west,GREEN,30,1752
471,2355,3,8,13.45185047731514,4,4,0,0,east_west,GREEN,30,1684
472,2360,0,15,12.665180416371939,6,9,0,0,east_west,GREEN,30,1769
472,2360,1,17,14.293681132467249,7,10,0,0,east_west,GREEN,30,3082
472,2360,2,9,13.338592384124466,4,5,0,0,east_west,GREEN,30,1758
472,2360,3,10,13.45185047731514,6,4,0,0,east_west,GREEN,30,1684
473,2365,0,19,12.644566158877405,8,11,0,0,east_west,GREEN,30,1772
473,2365,1,19,14.25523633219425,7,12,0,0,east_west,GREEN,30,3090
473,2365,2,9,13.338592384124466,4,5,0,0,east_west,GREEN,30,1758
473,2365,3,13,13.436326548003848,6,7,0,0,east_west,GREEN,30,1686
474,2370,0,19,12.637146145441342,8,11,0,0,east_west,YELLOW,30,1773
474,2370,1,21,14.240746173903924,8,13,0,0,east_west,YELLOW,30,3093
474,2370,2,12,13.317203927448398,5,7,0,0,east_west,YELLOW,30,1761
474,2370,3,14,13.420228159337244,6,8,0,0,east_west,YELLOW,30,1688
475,2375,0,20,12.637146145441342,9,11,0,0,north_south,GREEN,30,1773
475,2375,1,31,14.240746173903924,11,14,3,3,north_south,GREEN,30,3093
475,2375,2,18,13.317203927448398,8,7,2,1,north_south,GREEN,30,1761
475,2375,3,17,13.420228159337244,7,8,1,1,north_south,GREEN,30,1688
476,2380,0,6,12.769473028953312,0,3,2,1,north_south,GREEN,30,1793
476,2380,1,17,14.325030912333832,4,5,3,5,north_south,GREEN,30,3113
476,2380,2,3,13.376275998426577,0,0,2,1,north_south,GREEN,30,1776
476,2380,3,5,13.494108934462618,0,0,4,1,north_south,GREEN,30,1706
477,2385,0,6,12.742759817084963,0,0,4,2,north_south,GREEN,30,1799
477,2385,1,11,14.297478865722967,0,0,4,7,north_south,GREEN,30,3126
477,2385,2,8,13.350158064242981,0,0,4,4,north_south,GREEN,30,1779
477,2385,3,5,13.478283597235528,0,0,4,1,north_south,GREEN,30,1708
478,2390,0,7,12.735554303300503,0,0,4,3,north_south,GREEN,30,1800
478,2390,1,13,14.28854046790091,0,0,6,7,north_south,GREEN,30,3128
478,2390,2,9,13.34292312947388,0,0,5,4,north_south,GREEN,30,1780
478,2390,3,6,13.463041218424934,0,0,4,2,north_south,GREEN,30,1710
479,2395,0,8,12.714082813619754,0,0,5,3,north_south,GREEN,30,1803
479,2395,1,15,14.270791974617877,0,0,6,9,north_south,GREEN,30,3132
479,2395,2,9,13.335721006200327,0,0,5,4,north_south,GREEN,30,1781
479,2395,3,8,13.463041218424934,0,0,4,4,north_south,GREEN,30,1710
480,2400,0,11,12.706959475326828,0,0,6,5,north_south,GREEN,30,1804
480,2400,1,17,14.257672738301657,0,0,7,10,north_south,GREEN,30,3135
480,2400,2,13,13.312787652820125,0,0,6,7,north_south,GREEN,30,1784
480,2400,3,8,13.455184272829793,0,0,4,4,north_south,GREEN,30,1711
481,2405,0,13,12.699867448411013,0,0,7,6,north_south,YELLOW,30,1805
481,2405,1,22,14.248985515753237,0,0,9,13,north_south,YELLOW,30,3137
481,2405,2,14,13.290022111055121,0,0,6,8,north_south,YELLOW,30,1787
481,2405,3,9,13.439795138438734,0,0,4,5,north_south,YELLOW,30,1713
482,2410,0,18,12.699867448411013,1,1,9,7,east_west,GREEN,30,1805
482,2410,1,26,14.248985515753237,0,0,10,16,east_west,GREEN,30,3137
482,2410,2,15,13.290022111055121,0,0,7,8,east_west,GREEN,30,1787
482,2410,3,10,13.439795138438734,1,0,4,5,east_west,GREEN,30,1713
483,2415,0,2,12.752910380540321,1,1,0,0,east_west,GREEN,30,1823
483,2415,1,9,14.333381067668455,0,0,0,9,east_west,GREEN,30,3157
483,2415,2,0,13.359311977044225,0,0,0,0,east_west,GREEN,30,1806
483,2415,3,6,13.48860068368075,4,2,0,0,east_west,GREEN,30,1726
484,2420,0,7,12.739993339716946,3,4,0,0,east_west,GREEN,30,1825
484,2420,1,5,14.312208719641811,2,1,0,2,east_west,GREEN,30,3168
484,2420,2,2,13.345321855688594,1,1,0,0,east_west,GREEN,30,1808
484,2420,3,9,13.481017673654046,6,3,0,0,east_west,GREEN,30,1727
485,2425,0,10,12.726282926380348,5,5,0,0,east_west,GREEN,30,1827
485,2425,1,4,14.291789047813715,2,2,0,0,east_west,GREEN,30,3173
485,2425,2,4,13.324522217214614,2,2,0,0,east_west,GREEN,30,1811
485,2425,3,11,13.45847130753901,8,3,0,0,east_west,GREEN,30,1730
486,2430,0,12,12.71902226487013,6,6,0,0,east_west,GREEN,30,1828
486,2430,1,8,14.277603550986226,4,4,0,0,east_west,GREEN,30,3176
486,2430,2,5,13.303855736579102,2,3,0,0,east_west,GREEN,30,1814
486,2430,3,12,13.441880168414977,8,4,0,0,east_west,GREEN,30,1732
487,2435,0,16,12.712632510346047,9,7,0,0,east_west,GREEN,30,1829
487,2435,1,11,14.259011253295759,5,6,0,0,east_west,GREEN,30,3180
487,2435,2,8,13.296935313438123,3,5,0,0,east_west,GREEN,30,1815
487,2435,3,14,13.411396916269826,9,5,0,0,east_west,GREEN,30,1736
488,2440,0,20,12.706269946266747,9,11,0,0,east_west,YELLOW,30,1830
488,2440,1,14,14.245305400814972,6,8,0,0,east_west,YELLOW,30,3183
488,2440,2,13,13.296935313438123,5,8,0,0,east_west,YELLOW,30,1815
488,2440,3,14,13.403199962070484,9,5,0,0,east_west,YELLOW,30,1737
489,2445,0,21,12.706269946266747,9,11,0,1,north_south,GREEN,30,1830
489,2445,1,20,14.245305400814972,7,8,5,0,north_south,GREEN,30,3183
489,2445,2,16,13.296935313438123,8,8,0,0,north_south,GREEN,30,1815
489,2445,3,17,13.403199962070484,9,6,0,2,north_south,GREEN,30,1737
490,2450,0,3,12.800409662844483,0,1,0,2,north_south,GREEN,30,1850
490,2450,1,10,14.251691302296864,0,0,7,3,north_south,GREEN,30,3201
490,2450,2,5,13.292100478015335,0,0,3,2,north_south,GREEN,30,1833
490,2450,3,8,13.499117901027905,0,0,3,5,north_south,GREEN,30,1755
491,2455,0,2,12.801442243951135,0,0,0,2,north_south,GREEN,30,1851
491,2455,1,11,14.221678407107781,0,0,8,3,north_south,GREEN,30,3208
491,2455,2,5,13.268492009345668,0,0,3,2,north_south,GREEN,30,1836
491,2455,3,11,13.484008510535485,0,0,5,6,north_south,GREEN,30,1757
492,2460,0,2,12.773470294637663,0,0,0,2,north_south,GREEN,30,1855
492,2460,1,15,14.208908964123161,0,0,11,4,north_south,GREEN,30,3211
492,2460,2,6,13.243693959002329,0,0,4,2,north_south,GREEN,30,1839
492,2460,3,12,13.468744173054858,0,0,6,6,north_south,GREEN,30,1759
493,2465,0,5,12.752535423853836,0,0,2,3,north_south,GREEN,30,1858
493,2465,1,18,14.191958309566305,0,0,11,7,north_south,GREEN,30,3215
493,2465,2,7,13.228638503309556,0,0,5,2,north_south,GREEN,30,1841
493,2465,3,17,13.44611427166737,0,0,8,9,north_south,GREEN,30,1762
494,2470,0,8,12.738631759750202,0,0,2,6,north_south,GREEN,30,1860
494,2470,1,21,14.183524685399695,0,0,12,9,north_south,GREEN,30,3217
494,2470,2,8,13.228638503309556,0,0,6,2,north_south,GREEN,30,1841
494,2470,3,21,13.438602933798887,0,0,9,12,north_south,GREEN,30,1763
495,2475,0,8,12.731748487400742,0,0,2,6,north_south,YELLOW,30,1861
495,2475,1,24,14.166724254714621,0,0,13,11,north_south,YELLOW,30,3221
495,2475,2,10,13.213649014459506,0,0,7,3,north_south,YELLOW,30,1843
495,2475,3,23,13.431131881815642,0,0,9,14,north_south,YELLOW,30,1764
496,2480,0,16,12.731748487400742,0,3,4,9,east_west,GREEN,30,1861
496,2480,1,33,14.166724254714621,1,3,15,14,east_west,GREEN,30,3221
496,2480,2,15,13.213649014459506,2,2,7,4,east_west,GREEN,30,1843
496,2480,3,26,13.431131881815642,2,0,9,15,east_west,GREEN,30,1764
497,2485,0,3,12.740586452880699,0,3,0,0,east_west,GREEN,30,1876
497,2485,1,25,14.259921131347646,6,6,7,6,east_west,GREEN,30,3241
497,2485,2,6,13.256957932701095,3,3,0,0,east_west,GREEN,30,1857
497,2485,3,12,13.58036938369772,2,1,0,9,east_west,GREEN,30,1784
498,2490,0,7,12.727227312526999,3,4,0,0,east_west,GREEN,30,1878
498,2490,1,16,14.233978102797725,9,7,0,0,east_west,GREEN,30,3257
498,2490,2,8,13.24342340331054,3,5,0,0,east_west,GREEN,30,1859
498,2490,3,3,13.557764093390887,2,1,0,0,east_west,GREEN,30,1794
499,2495,0,9,12.7061096075189,4,5,0,0,east_west,GREEN,30,1881
499,2495,1,24,14.224877018021399,13,11,0,0,east_west,GREEN,30,3259
499,2495,2,11,13.24342340331054,4,7,0,0,east_west,GREEN,30,1859
499,2495,3,5,13.550473512844228,4,1,0,0,east_west,GREEN,30,1795
500,2500,0,10,12.6991313182738,4,6,0,0,east_west,GREEN,30,1882
500,2500,1,26,14.220136228811022,15,11,0,0,east_west,GREEN,30,3260
500,2500,2,13,13.24342340331054,6,7,0,0,east_west,GREEN,30,1859
500,2500,3,8,13.535986221886702,4,4,0,0,east_west,GREEN,30,1797
501,2505,0,11,12.6991313182738,5,6,0,0,east_west,GREEN,30,1882
501,2505,1,28,14.21106991304805,16,12,0,0,east_west,GREEN,30,3262
501,2505,2,13,13.24342340331054,6,7,0,0,east_west,GREEN,30,1859
501,2505,3,9,13.512879936377836,5,4,0,0,east_west,GREEN,30,1800
502,2510,0,12,12.679032923713,5,7,0,0,east_west,YELLOW,30,1885
502,2510,1,32,14.197321164653598,19,13,0,0,east_west,YELLOW,30,3265
502,2510,2,16,13.229886934705995,7,9,0,0,east_west,YELLOW,30,1861
502,2510,3,10,13.512879936377836,5,5,0,0,east_west,YELLOW,30,1800
503,2515,0,12,12.679032923713,5,7,0,0,north_south,GREEN,30,1885
503,2515,1,38,14.197321164653598,21,14,1,2,north_south,GREEN,30,3265
503,2515,2,21,13.229886934705995,8,12,1,0,north_south,GREEN,30,1861
503,2515,3,16,13.512879936377836,6,6,2,2,north_south,GREEN,30,1800
504,2520,0,3,12.765736625134503,0,0,3,0,north_south,GREEN,30,1898
504,2520,1,31,14.310275190595394,17,8,4,2,north_south,GREEN,30,3285
504,2520,2,7,13.32203677750039,0,3,3,1,north_south,GREEN,30,1881
504,2520,3,6,13.538455988323284,0,0,3,3,north_south,GREEN,30,1816
505,2525,0,6,12.7451585229588,0,0,3,3,north_south,GREEN,30,1901
505,2525,1,16,14.316815286698976,7,0,5,4,north_south,GREEN,30,3305
505,2525,2,5,13.31127284730465,0,0,3,2,north_south,GREEN,30,1884
505,2525,3,10,13.516362785804633,0,0,4,6,north_south,GREEN,30,1819
506,2530,0,9,12.724638915254618,0,0,4,5,north_south,GREEN,30,1904
506,2530,1,14,14.296408432468091,0,0,7,7,north_south,GREEN,30,3315
506,2530,2,7,13.31127284730465,0,0,4,3,north_south,GREEN,30,1884
506,2530,3,15,13.501749415262442,0,0,7,8,north_south,GREEN,30,1821
507,2535,0,10,12.711053248029225,0,0,4,6,north_south,GREEN,30,1906
507,2535,1,15,14.284032279416717,0,0,8,7,north_south,GREEN,30,3318
507,2535,2,10,13.30453544361864,0,0,5,5,north_south,GREEN,30,1885
507,2535,3,17,13.487199946545422,0,0,8,9,north_south,GREEN,30,1823
508,2540,0,13,12.704315914216792,0,0,5,8,north_south,GREEN,30,1907
508,2540,1,18,14.263532151356799,0,0,9,9,north_south,GREEN,30,3323
508,2540,2,11,13.30453544361864,0,0,6,5,north_south,GREEN,30,1885
508,2540,3,21,13.47271396133598,0,0,9,12,north_south,GREEN,30,1825
509,2545,0,13,12.684269925111629,0,0,5,8,north_south,YELLOW,30,1910
509,2545,1,23,14.243125837011348,0,0,12,11,north_south,YELLOW,30,3328
509,2545,2,12,13.273958144866853,0,0,6,6,north_south,YELLOW,30,1889
509,2545,3,23,13.465461426611723,0,0,10,13,north_south,YELLOW,30,1826
510,2550,0,16,12.684269925111629,1,2,5,8,east_west,GREEN,30,1910
510,2550,1,30,14.243125837011348,0,2,16,12,east_west,GREEN,30,3328
510,2550,2,15,13.273958144866853,2,0,7,6,east_west,GREEN,30,1889
510,2550,3,27,13.465461426611723,1,2,11,13,east_west,GREEN,30,1826
511,2555,0,4,12.768180441066384,1,3,0,0,east_west,GREEN,30,1924
511,2555,1,18,14.316286132663567,1,4,11,2,east_west,GREEN,30,3348
511,2555,2,2,13.331108531704324,2,0,0,0,east_west,GREEN,30,1905
511,2555,3,9,13.617363437262235,3,2,1,3,east_west,GREEN,30,1846
512,2560,0,6,12.742085683695024,2,4,0,0,east_west,GREEN,30,1928
512,2560,1,11,14.296612457214236,3,5,3,0,east_west,GREEN,30,3360
512,2560,2,4,13.324397933343526,3,1,0,0,east_west,GREEN,30,1906
512,2560,3,6,13.592887768170828,3,3,0,0,east_west,GREEN,30,1854
513,2565,0,7,12.715637951656145,3,4,0,0,east_west,GREEN,30,1932
513,2565,1,10,14.266947124096252,5,5,0,0,east_west,GREEN,30,3368
513,2565,2,5,13.311059583515277,3,2,0,0,east_west,GREEN,30,1908
513,2565,3,10,13.571818542556148,4,6,0,0,east_west,GREEN,30,1857
514,2570,0,10,12.702782311700565,5,5,0,0,east_west,GREEN,30,1934
514,2570,1,14,14.262394318947443,7,7,0,0,east_west,GREEN,30,3369
514,2570,2,6,13.297759135432223,4,2,0,0,east_west,GREEN,30,1910
514,2570,3,11,13.557015284743407,4,7,0,0,east_west,GREEN,30,1859
515,2575,0,11,12.696111513161943,6,5,0,0,east_west,GREEN,30,1935
515,2575,1,16,14.245092652639597,8,8,0,0,east_west,GREEN,30,3373
515,2575,2,7,13.271339362674393,4,3,0,0,east_west,GREEN,30,1914
515,2575,3,15,13.54317079184559,6,9,0,0,east_west,GREEN,30,1861
516,2580,0,15,12.689979868169928,7,8,0,0,east_west,YELLOW,30,1936
516,2580,1,19,14.240561908303029,11,8,0,0,east_west,YELLOW,30,3374
516,2580,2,11,13.258210768311317,6,5,0,0,east_west,YELLOW,30,1916
516,2580,3,19,13.506130149475279,7,12,0,0,east_west,YELLOW,30,1866
517,2585,0,20,12.689979868169928,11,8,0,1,north_south,GREEN,30,1936
517,2585,1,24,14.240561908303029,13,10,0,1,north_south,GREEN,30,3374
517,2585,2,16,13.258210768311317,8,7,0,1,north_south,GREEN,30,1916
517,2585,3,21,13.506130149475279,7,12,0,2,north_south,GREEN,30,1866
518,2590,0,5,12.758440524877411,3,0,0,2,north_south,GREEN,30,1954
518,2590,1,10,14.293430662011371,5,0,3,2,north_south,GREEN,30,3394
518,2590,2,6,13.273833270321779,2,0,2,2,north_south,GREEN,30,1933
518,2590,3,7,13.61075333232741,0,3,1,3,north_south,GREEN,30,1883
519,2595,0,2,12.735323874742555,0,0,0,2,north_south,GREEN,30,1959
519,2595,1,7,14.281594365973262,0,0,3,4,north_south,GREEN,30,3400
519,2595,2,7,13.25936675553908,0,0,4,3,north_south,GREEN,30,1936
519,2595,3,4,13.608030374198396,0,0,1,3,north_south,GREEN,30,1886
520,2600,0,4,12.722229275080453,0,0,2,2,north_south,GREEN,30,1961
520,2600,1,7,14.265545131623316,0,0,3,4,north_south,GREEN,30,3404
520,2600,2,10,13.24509018469005,0,0,6,4,north_south,GREEN,30,1938
520,2600,3,7,13.600874911411282,0,0,1,6,north_south,GREEN,30,1887
521,2605,0,5,12.70908228869974,0,0,3,2,north_south,GREEN,30,1963
521,2605,1,12,14.245561251978366,0,0,3,9,north_south,GREEN,30,3409
521,2605,2,10,13.210286868978288,0,0,6,4,north_south,GREEN,30,1943
521,2605,3,8,13.586604223167093,0,0,2,6,north_south,GREEN,30,1889
522,2610,0,11,12.689713501423398,0,0,5,6,north_south,GREEN,30,1966
522,2610,1,16,14.241548058910713,0,0,6,10,north_south,GREEN,30,3410
522,2610,2,12,13.197511115082316,0,0,7,5,north_south,GREEN,30,1945
522,2610,3,9,13.57239407203509,0,0,3,6,north_south,GREEN,30,1891
523,2615,0,12,12.669956244975019,0,0,6,6,north_south,YELLOW,30,1969
523,2615,1,20,14.241548058910713,0,0,9,11,north_south,YELLOW,30,3410
523,2615,2,14,13.197511115082316,0,0,7,7,north_south,YELLOW,30,1945
523,2615,3,10,13.55123069896089,0,0,3,7,north_south,YELLOW,30,1894
524,2620,0,15,12.669956244975019,0,1,8,6,east_west,GREEN,30,1969
524,2620,1,23,14.241548058910713,1,0,10,12,east_west,GREEN,30,3410
524,2620,2,16,13.197511115082316,0,1,8,7,east_west,GREEN,30,1945
524,2620,3,15,13.55123069896089,0,1,6,8,east_west,GREEN,30,1894
525,2625,0,3,12.699741239510358,0,3,0,0,east_west,GREEN,30,1985
525,2625,1,8,14.285752685090952,3,0,0,5,east_west,GREEN,30,3430
525,2625,2,2,13.278602618781417,1,1,0,0,east_west,GREEN,30,1961
525,2625,3,3,13.588259513391343,1,2,0,0,east_west,GREEN,30,1910
526,2630,0,4,12.681152033151795,1,3,0,0,east_west,GREEN,30,1988
526,2630,1,5,14.26807021177623,5,0,0,0,east_west,GREEN,30,3437
526,2630,2,4,13.278602618781417,3,1,0,0,east_west,GREEN,30,1961
526,2630,3,5,13.588259513391343,2,3,0,0,east_west,GREEN,30,1910
527,2635,0,5,12.681152033151795,2,3,0,0,east_west,GREEN,30,1988
527,2635,1,8,14.246357077228515,6,2,0,0,east_west,GREEN,30,3442
527,2635,2,9,13.252643282014075,4,5,0,0,east_west,GREEN,30,1965
527,2635,3,5,13.57484901656533,2,3,0,0,east_west,GREEN,30,1912
528,2640,0,6,12.681152033151795,3,3,0,0,east_west,GREEN,30,1988
528,2640,1,14,14.237495811835565,9,5,0,0,east_west,GREEN,30,3444
528,2640,2,10,13.239719720534882,4,6,0,0,east_west,GREEN,30,1967
528,2640,3,6,13.56818408026703,2,4,0,0,east_west,GREEN,30,1913
529,2645,0,10,12.681152033151795,5,5,0,0,east_west,GREEN,30,1988
529,2645,1,23,14.22477899569518,16,7,0,0,east_west,GREEN,30,3447
529,2645,2,14,13.220471821619277,6,8,0,0,east_west,GREEN,30,1970
529,2645,3,8,13.546293030482428,3,5,0,0,east_west,GREEN,30,1916
530,2650,0,12,12.668041461054102,6,6,0,0,east_west,YELLOW,30,1990
530,2650,1,25,14.216238463405386,18,7,0,0,east_west,YELLOW,30,3449
530,2650,2,15,13.207609073991224,6,9,0,0,east_west,YELLOW,30,1972
530,2650,3,12,13.533095819327048,4,8,0,0,east_west,YELLOW,30,1918
531,2655,0,17,12.668041461054102,8,6,2,1,north_south,GREEN,30,1990
531,2655,1,33,14.216238463405386,20,12,1,0,north_south,GREEN,30,3449
531,2655,2,18,13.207609073991224,8,10,0,0,north_south,GREEN,30,1972
531,2655,3,16,13.533095819327048,6,8,1,1,north_south,GREEN,30,1918
532,2660,0,5,12.700907288728981,0,0,2,3,north_south,GREEN,30,2006
532,2660,1,20,14.255314988244258,13,3,2,2,north_south,GREEN,30,3469
532,2660,2,3,13.260716747575238,0,3,0,0,north_south,GREEN,30,1991
532,2660,3,4,13.569707366522469,0,0,3,1,north_south,GREEN,30,1933
533,2665,0,8,12.675359029624651,0,0,3,5,north_south,GREEN,30,2010
533,2665,1,12,14.237243076507552,4,0,4,4,north_south,GREEN,30,3487
533,2665,2,0,13.245657619711231,0,0,0,0,north_south,GREEN,30,1994
533,2665,3,5,13.54888561865063,0,0,4,1,north_south,GREEN,30,1936
534,2670,0,8,12.64383239996544,0,0,3,5,north_south,GREEN,30,2015
534,2670,1,15,14.223121119515673,0,0,8,7,north_south,GREEN,30,3493
534,2670,2,2,13.2393749437357,0,0,2,0,north_south,GREEN,30,1995
534,2670,3,5,13.541937549757101,0,0,4,1,north_south,GREEN,30,1937
535,2675,0,10,12.6376051722204,0,0,3,7,north_south,GREEN,30,2016
535,2675,1,16,14.215349920600852,0,0,8,8,north_south,GREEN,30,3495
535,2675,2,5,13.2393749437357,0,0,4,1,north_south,GREEN,30,1995
535,2675,3,7,13.52126596590617,0,0,5,2,north_south,GREEN,30,1940
536,2680,0,11,12.624930792206438,0,0,4,7,north_south,GREEN,30,2018
536,2680,1,18,14.207587348151112,0,0,9,9,north_south,GREEN,30,3497
536,2680,2,7,13.225618059774394,0,0,5,2,north_south,GREEN,30,1997
536,2680,3,7,13.507626982746793,0,0,5,2,north_south,GREEN,30,1942
537,2685,0,11,12.606151669584317,0,0,4,7,north_south,YELLOW,30,2021
537,2685,1,22,14.184445974966811,0,0,10,12,north_south,YELLOW,30,3503
537,2685,2,8,13.213178010014195,0,0,6,2,north_south,YELLOW,30,1999
537,2685,3,10,13.507626982746793,0,0,7,3,north_south,YELLOW,30,1942
538,2690,0,12,12.606151669584317,0,1,4,7,east_west,GREEN,30,2021
538,2690,1,28,14.184445974966811,1,2,10,15,east_west,GREEN,30,3503
538,2690,2,11,13.213178010014195,0,0,8,3,east_west,GREEN,30,1999
538,2690,3,12,13.507626982746793,0,0,7,5,east_west,GREEN,30,1942
539,2695,0,1,12.693323894942587,0,1,0,0,east_west,GREEN,30,2034
539,2695,1,17,14.249874945844255,3,3,2,9,east_west,GREEN,30,3523
539,2695,2,2,13.218849956367091,0,2,0,0,east_west,GREEN,30,2011
539,2695,3,4,13.542115828336552,1,3,0,0,east_west,GREEN,30,1956
540,2700,0,3,12.686778599070971,0,3,0,0,east_west,GREEN,30,2035
540,2700,1,8,14.222207737862089,3,5,0,0,east_west,GREEN,30,3536
540,2700,2,3,13.212560062130498,0,3,0,0,east_west,GREEN,30,2012
540,2700,3,6,13.542115828336552,3,3,0,0,east_west,GREEN,30,1956
541,2705,0,7,12.680836040529403,1,6,0,0,east_west,GREEN,30,2036
541,2705,1,9,14.213806000599067,3,6,0,0,east_west,GREEN,30,3538
541,2705,2,5,13.212560062130498,0,5,0,0,east_west,GREEN,30,2012
541,2705,3,6,13.508749786572622,3,3,0,0,east_west,GREEN,30,1961
542,2710,0,8,12.656009201390082,2,6,0,0,east_west,GREEN,30,2040
542,2710,1,12,14.201090486965807,5,7,0,0,east_west,GREEN,30,3541
542,2710,2,6,13.181234575763227,0,6,0,0,east_west,GREEN,30,2017
542,2710,3,7,13.481049443370054,3,4,0,0,east_west,GREEN,30,1965
543,2715,0,10,12.632657070556391,2,8,0,0,east_west,GREEN,30,2044
543,2715,1,18,14.18815086041035,9,9,0,0,east_west,GREEN,30,3544
543,2715,2,7,13.174969889142018,1,6,0,0,east_west,GREEN,30,2018
543,2715,3,8,13.458900242350559,3,5,0,0,east_west,GREEN,30,1968
544,2720,0,14,12.619748704022527,6,8,0,0,east_west,YELLOW,30,2046
544,2720,1,21,14.171271581548762,10,11,0,0,east_west,YELLOW,30,3548
544,2720,2,9,13.174969889142018,3,6,0,0,east_west,YELLOW,30,2018
544,2720,3,10,13.446219629805231,3,7,0,0,east_west,YELLOW,30,1970
545,2725,0,20,12.619748704022527,8,10,0,2,north_south,GREEN,30,2046
545,2725,1,24,14.171271581548762,10,11,2,1,north_south,GREEN,30,3548
545,2725,2,12,13.174969889142018,5,6,0,1,north_south,GREEN,30,2018
545,2725,3,14,13.446219629805231,3,9,1,1,north_south,GREEN,30,1970
546,2730,0,2,12.657062936534995,0,0,0,2,north_south,GREEN,30,2064
546,2730,1,10,14.226197021878113,0,4,2,4,north_south,GREEN,30,3568
546,2730,2,3,13.200720426264478,0,0,2,1,north_south,GREEN,30,2030
546,2730,3,8,13.486740102382502,0,1,6,1,north_south,GREEN,30,1984
547,2735,0,3,12.650984336813494,0,0,1,2,north_south,GREEN,30,2065
547,2735,1,9,14.18522290151795,0,0,3,6,north_south,GREEN,30,3581
547,2735,2,4,13.194639224506416,0,0,2,2,north_south,GREEN,30,2031
547,2735,3,9,13.482580563444735,0,0,7,2,north_south,GREEN,30,1985
548,2740,0,5,12.638718369188528,0,0,2,3,north_south,GREEN,30,2067
548,2740,1,16,14.181473510793941,0,0,6,10,north_south,GREEN,30,3582
548,2740,2,4,13.194639224506416,0,0,2,2,north_south,GREEN,30,2031
548,2740,3,10,13.468867470095741,0,0,7,3,north_south,GREEN,30,1987
549,2745,0,7,12.602861202011134,0,0,3,4,north_south,GREEN,30,2073
549,2745,1,17,14.155133249493641,0,0,7,10,north_south,GREEN,30,3589
549,2745,2,5,13.194639224506416,0,0,2,3,north_south,GREEN,30,2031
549,2745,3,12,13.44860774827368,0,0,7,5,north_south,GREEN,30,1990
550,2750,0,10,12.585233097476998,0,0,4,6,north_south,GREEN,30,2076
550,2750,1,20,14.136370765239056,0,0,9,11,north_south,GREEN,30,3594
550,2750,2,6,13.16765753104895,0,0,3,3,north_south,GREEN,30,2035
550,2750,3,14,13.428484678754543,0,0,7,7,north_south,GREEN,30,1993
551,2755,0,11,12.567050537465498,0,0,5,6,north_south,YELLOW,30,2079
551,2755,1,24,14.12891002568697,0,0,10,14,north_south,YELLOW,30,3596
551,2755,2,8,13.15424640627986,0,0,4,4,north_south,YELLOW,30,2037
551,2755,3,15,13.428484678754543,0,0,8,7,north_south,YELLOW,30,1993
552,2760,0,17,12.567050537465498,2,1,7,7,east_west,GREEN,30,2079
552,2760,1,29,14.12891002568697,2,2,10,15,east_west,GREEN,30,3596
552,2760,2,12,13.15424640627986,0,1,5,6,east_west,GREEN,30,2037
552,2760,3,18,13.428484678754543,1,1,9,7,east_west,GREEN,30,1993
553,2765,0,7,12.61434595391996,6,1,0,0,east_west,GREEN,30,2093
553,2765,1,16,14.204269636125144,3,2,5,6,east_west,GREEN,30,3616
553,2765,2,1,13.182017183937626,0,1,0,0,east_west,GREEN,30,2049
553,2765,3,7,13.516013158958785,2,4,1,0,east_west,GREEN,30,2011
554,2770,0,9,12.607951254586396,7,2,0,0,east_west,GREEN,30,2094
554,2770,1,9,14.176552068857685,7,2,0,0,east_west,GREEN,30,3630
554,2770,2,3,13.16967560012771,0,3,0,0,east_west,GREEN,30,2051
554,2770,3,6,13.497588329584087,2,4,0,0,east_west,GREEN,30,2014
555,2775,0,10,12.596516743151884,7,3,0,0,east_west,GREEN,30,2096
555,2775,1,15,14.168186543160227,10,5,0,0,east_west,GREEN,30,3632
555,2775,2,3,13.163509756195909,0,3,0,0,east_west,GREEN,30,2052
555,2775,3,7,13.485051090259361,2,5,0,0,east_west,GREEN,30,2016
556,2780,0,13,12.584462737136752,7,6,0,0,east_west,GREEN,30,2098
556,2780,1,20,14.168186543160227,12,8,0,0,east_west,GREEN,30,3632
556,2780,2,7,13.151249212685366,2,5,0,0,east_west,GREEN,30,2054
556,2780,3,10,13.460257296072399,3,7,0,0,east_west,GREEN,30,2020
557,2785,0,14,12.578800181338515,8,6,0,0,east_west,GREEN,30,2099
557,2785,1,22,14.160214604384716,14,8,0,0,east_west,GREEN,30,3634
557,2785,2,8,13.145154239999702,3,5,0,0,east_west,GREEN,30,2055
557,2785,3,11,13.453059648994095,4,7,0,0,east_west,GREEN,30,2021
558,2790,0,17,12.578800181338515,10,7,0,0,east_west,YELLOW,30,2099
558,2790,1,24,14.143764623249368,15,9,0,0,east_west,YELLOW,30,3638
558,2790,2,12,13.132954484958955,4,8,0,0,east_west,YELLOW,30,2057
558,2790,3,13,13.438751775652205,6,7,0,0,east_west,YELLOW,30,2023
559,2795,0,19,12.578800181338515,10,7,1,1,north_south,GREEN,30,2099
559,2795,1,34,14.143764623249368,17,11,4,2,north_south,GREEN,30,3638
559,2795,2,18,13.132954484958955,4,11,1,2,north_south,GREEN,30,2057
559,2795,3,16,13.438751775652205,7,9,0,0,north_south,GREEN,30,2023
560,2800,0,5,12.680145447828288,2,0,1,2,north_south,GREEN,30,2117
560,2800,1,17,14.212481268722396,8,2,4,3,north_south,GREEN,30,3658
560,2800,2,6,13.155649137054834,0,1,1,4,north_south,GREEN,30,2071
560,2800,3,1,13.502999817937274,0,0,0,1,north_south,GREEN,30,2040
561,2805,0,4,12.655689428240372,0,0,1,3,north_south,GREEN,30,2122
561,2805,1,12,14.19757873495767,2,0,5,5,north_south,GREEN,30,3672
561,2805,2,5,13.153236064126407,0,0,1,4,north_south,GREEN,30,2072
561,2805,3,1,13.489719605453875,0,0,0,1,north_south,GREEN,30,2042
562,2810,0,7,12.637768054140047,0,0,2,5,north_south,GREEN,30,2125
562,2810,1,11,14.177973689653868,0,0,5,6,north_south,GREEN,30,3678
562,2810,2,7,13.141348963414684,0,0,3,4,north_south,GREEN,30,2074
562,2810,3,2,13.483118945387869,0,0,0,2,north_south,GREEN,30,2043
563,2815,0,11,12.625991573491405,0,0,5,6,north_south,GREEN,30,2127
563,2815,1,11,14.174345077043306,0,0,5,6,north_south,GREEN,30,3679
563,2815,2,9,13.128200507199676,0,0,5,4,north_south,GREEN,30,2076
563,2815,3,4,13.483118945387869,0,0,2,2,north_south,GREEN,30,2043
564,2820,0,13,12.613945921757345,0,0,5,8,north_south,GREEN,30,2129
564,2820,1,19,14.170648932958667,0,0,10,9,north_south,GREEN,30,3680
564,2820,2,9,13.106649584717902,0,0,5,4,north_south,GREEN,30,2079
564,2820,3,5,13.469984306511801,0,0,3,2,north_south,GREEN,30,2045
565,2825,0,15,12.607956432564857,0,0,7,8,north_south,YELLOW,30,2130
565,2825,1,20,14.167028208636388,0,0,10,10,north_south,YELLOW,30,3681
565,2825,2,12,13.106649584717902,0,0,5,7,north_south,YELLOW,30,2079
565,2825,3,7,13.45690132858342,0,0,4,3,north_south,YELLOW,30,2047
566,2830,0,17,12.607956432564857,0,1,7,9,east_west,GREEN,30,2130
566,2830,1,29,14.167028208636388,2,2,14,11,east_west,GREEN,30,3681
566,2830,2,16,13.106649584717902,1,2,5,8,east_west,GREEN,30,2079
566,2830,3,16,13.45690132858342,3,0,7,6,east_west,GREEN,30,2047
567,2835,0,3,12.664636492518417,1,2,0,0,east_west,GREEN,30,2149
567,2835,1,15,14.232050076420757,3,4,5,3,east_west,GREEN,30,3701
567,2835,2,6,13.171828936327277,3,3,0,0,east_west,GREEN,30,2093
567,2835,3,5,13.425382468991483,3,2,0,0,east_west,GREEN,30,2064
568,2840,0,5,12.658339656931092,2,3,0,0,east_west,GREEN,30,2150
568,2840,1,9,14.205922522862195,3,6,0,0,east_west,GREEN,30,3712
568,2840,2,7,13.165800731309233,4,3,0,0,east_west,GREEN,30,2094
568,2840,3,8,13.412405347636719,5,3,0,0,east_west,GREEN,30,2066
569,2845,0,9,12.641662939268848,3,6,0,0,east_west,GREEN,30,2153
569,2845,1,10,14.193824706980843,4,6,0,0,east_west,GREEN,30,3715
569,2845,2,11,13.147608579220154,5,6,0,0,east_west,GREEN,30,2097
569,2845,3,10,13.391660252987224,6,4,0,0,east_west,GREEN,30,2069
570,2850,0,9,12.629872839384484,3,6,0,0,east_west,GREEN,30,2155
570,2850,1,12,14.177880382329983,4,8,0,0,east_west,GREEN,30,3719
570,2850,2,12,13.129589006668201,5,7,0,0,east_west,GREEN,30,2100
570,2850,3,12,13.3651746712121,7,5,0,0,east_west,GREEN,30,2073
571,2855,0,12,12.623624025290809,4,8,0,0,east_west,GREEN,30,2156
571,2855,1,15,14.165880580326123,5,10,0,0,east_west,GREEN,30,3722
571,2855,2,12,13.111672576330792,5,7,0,0,east_west,GREEN,30,2103
571,2855,3,12,13.345678179351939,7,5,0,0,east_west,GREEN,30,2076
572,2860,0,18,12.611902259333348,8,10,0,0,east_west,YELLOW,30,2158
572,2860,1,21,14.12615350133845,8,13,0,0,east_west,YELLOW,30,3732
572,2860,2,14,13.111672576330792,5,9,0,0,east_west,YELLOW,30,2103
572,2860,3,16,13.345678179351939,8,8,0,0,east_west,YELLOW,30,2076
573,2865,0,23,12.611902259333348,8,11,3,1,north_south,GREEN,30,2158
573,2865,1,30,14.12615350133845,9,16,3,2,north_south,GREEN,30,3732
573,2865,2,18,13.111672576330792,8,9,1,0,north_south,GREEN,30,2103
573,2865,3,17,13.345678179351939,8,8,0,1,north_south,GREEN,30,2076
574,2870,0,7,12.671072786260321,0,1,4,2,north_south,GREEN,30,2177
574,2870,1,16,14.176540609321277,0,6,4,6,north_south,GREEN,30,3752
574,2870,2,3,13.183304748302865,0,1,2,0,north_south,GREEN,30,2122
574,2870,3,4,13.421912708528959,0,0,0,4,north_south,GREEN,30,2095
575,2875,0,8,12.664018884736649,0,0,4,4,north_south,GREEN,30,2179
575,2875,1,11,14.15679079842964,0,0,4,7,north_south,GREEN,30,3763
575,2875,2,7,13.165698831014941,0,0,3,4,north_south,GREEN,30,2125
575,2875,3,7,13.421912708528959,0,0,1,6,north_south,GREEN,30,2095
576,2880,0,9,12.658405826166963,0,0,4,5,north_south,GREEN,30,2180
576,2880,1,15,14.145996759432599,0,0,8,7,north_south,GREEN,30,3766
576,2880,2,9,13.147049170281363,0,0,5,4,north_south,GREEN,30,2128
576,2880,3,12,13.402574457714953,0,0,2,10,north_south,GREEN,30,2098
577,2885,0,10,12.635091210376878,0,0,4,6,north_south,GREEN,30,2184
577,2885,1,20,14.142370305642924,0,0,9,11,north_south,GREEN,30,3767
577,2885,2,9,13.134274475331235,0,0,5,4,north_south,GREEN,30,2130
577,2885,3,13,13.389708398436015,0,0,3,10,north_south,GREEN,30,2100
578,2890,0,12,12.61809897359393,0,0,4,8,north_south,GREEN,30,2187
578,2890,1,21,14.131570204632352,0,0,9,12,north_south,GREEN,30,3770
578,2890,2,12,13.121547658159269,0,0,5,7,north_south,GREEN,30,2132
578,2890,3,13,13.376798166775783,0,0,3,10,north_south,GREEN,30,2102
579,2895,0,13,12.600898039912614,0,0,5,8,north_south,YELLOW,30,2190
579,2895,1,26,14.110078396057068,0,0,10,16,north_south,YELLOW,30,3776
579,2895,2,14,13.115808051168056,0,0,5,9,north_south,YELLOW,30,2133
579,2895,3,13,13.357637704080362,0,0,3,10,north_south,YELLOW,30,2105
580,2900,0,17,12.600898039912614,0,2,5,10,east_west,GREEN,30,2190
580,2900,1,34,14.110078396057068,3,1,11,19,east_west,GREEN,30,3776
580,2900,2,17,13.115808051168056,1,0,6,10,east_west,GREEN,30,2133
580,2900,3,20,13.357637704080362,4,0,4,12,east_west,GREEN,30,2105
581,2905,0,5,12.68078803319099,1,4,0,0,east_west,GREEN,30,2207
581,2905,1,18,14.194157581103296,4,1,2,11,east_west,GREEN,30,3796
581,2905,2,4,13.18381528536221,3,0,0,1,east_west,GREEN,30,2149
581,2905,3,8,13.432778310003615,5,1,0,2,east_west,GREEN,30,2122
582,2910,0,5,12.669148567735682,1,4,0,0,east_west,GREEN,30,2209
582,2910,1,9,14.189848462598906,5,2,0,2,east_west,GREEN,30,3808
582,2910,2,5,13.174341076498777,4,1,0,0,east_west,GREEN,30,2151
582,2910,3,9,13.42214201896026,8,1,0,0,east_west,GREEN,30,2125
583,2915,0,7,12.663007832862561,2,5,0,0,east_west,GREEN,30,2210
583,2915,1,8,14.17453596786644,6,2,0,0,east_west,GREEN,30,3813
583,2915,2,6,13.162540976992766,4,2,0,0,east_west,GREEN,30,2153
583,2915,3,10,13.408781426268767,8,2,0,0,east_west,GREEN,30,2127
584,2920,0,9,12.65755215288415,4,5,0,0,east_west,GREEN,30,2211
584,2920,1,13,14.166789749826462,9,4,0,0,east_west,GREEN,30,3815
584,2920,2,8,13.139005227891706,4,4,0,0,east_west,GREEN,30,2157
584,2920,3,14,13.389664574007359,8,6,0,0,east_west,GREEN,30,2130
585,2925,0,13,12.65755215288415,6,7,0,0,east_west,GREEN,30,2211
585,2925,1,17,14.155281469845642,12,5,0,0,east_west,GREEN,30,3818
585,2925,2,11,13.13314822871398,6,5,0,0,east_west,GREEN,30,2158
585,2925,3,17,13.378012605259777,11,6,0,0,east_west,GREEN,30,2132
586,2930,0,17,12.65211645708148,9,8,0,0,east_west,YELLOW,30,2212
586,2930,1,18,14.135970749573186,12,6,0,0,east_west,YELLOW,30,3823
586,2930,2,12,13.127312762621465,7,5,0,0,east_west,YELLOW,30,2159
586,2930,3,19,13.371420514694385,12,7,0,0,east_west,YELLOW,30,2133
587,2935,0,22,12.65211645708148,10,11,1,0,north_south,GREEN,30,2212
587,2935,1,27,14.135970749573186,16,6,1,4,north_south,GREEN,30,3823
587,2935,2,16,13.127312762621465,7,6,3,0,north_south,GREEN,30,2159
587,2935,3,25,13.371420514694385,13,8,2,2,north_south,GREEN,30,2133
588,2940,0,6,12.710697540238534,0,2,3,1,north_south,GREEN,30,2232
588,2940,1,20,14.177534912387562,8,0,6,6,north_south,GREEN,30,3841
588,2940,2,4,13.177228614074437,0,0,4,0,north_south,GREEN,30,2173
588,2940,3,10,13.479739551406109,3,0,3,4,north_south,GREEN,30,2151
589,2945,0,5,12.689446977718355,0,0,3,2,north_south,GREEN,30,2237
589,2945,1,13,14.163911973626217,0,0,7,6,north_south,GREEN,30,3851
589,2945,2,6,13.17152474465127,0,0,4,2,north_south,GREEN,30,2174
589,2945,3,8,13.475233182872834,0,0,4,4,north_south,GREEN,30,2155
590,2950,0,6,12.689446977718355,0,0,4,2,north_south,GREEN,30,2237
590,2950,1,15,14.149919190320425,0,0,7,8,north_south,GREEN,30,3855
590,2950,2,6,13.16464002931613,0,0,4,2,north_south,GREEN,30,2175
590,2950,3,12,13.456357122025896,0,0,7,5,north_south,GREEN,30,2158
591,2955,0,9,12.684053729521732,0,0,5,4,north_south,GREEN,30,2238
591,2955,1,18,14.128803078306511,0,0,8,10,north_south,GREEN,30,3861
591,2955,2,9,13.150946533006168,0,0,5,4,north_south,GREEN,30,2177
591,2955,3,16,13.450027208490006,0,0,9,7,north_south,GREEN,30,2159
592,2960,0,11,12.678678919780484,0,0,7,4,north_south,GREEN,30,2239
592,2960,1,23,14.12182359404091,0,0,11,12,north_south,GREEN,30,3863
592,2960,2,10,13.145263672310158,0,0,5,5,north_south,GREEN,30,2178
592,2960,3,18,13.437494628350805,0,0,9,9,north_south,GREEN,30,2161
593,2965,0,14,12.661853337428077,0,0,9,5,north_south,YELLOW,30,2242
593,2965,1,27,14.107906580782563,0,0,12,15,north_south,YELLOW,30,3867
593,2965,2,13,13.145263672310158,0,0,5,8,north_south,YELLOW,30,2178
593,2965,3,20,13.425008637263371,0,0,10,10,north_south,YELLOW,30,2163
594,2970,0,18,12.661853337428077,0,1,10,7,east_west,GREEN,30,2242
594,2970,1,32,14.107906580782563,0,2,12,18,east_west,GREEN,30,3867
594,2970,2,14,13.145263672310158,1,0,5,8,east_west,GREEN,30,2178
594,2970,3,28,13.425008637263371,2,1,13,12,east_west,GREEN,30,2163
595,2975,0,6,12.699953580146362,0,3,3,0,east_west,GREEN,30,2262
595,2975,1,19,14.194872496472327,3,2,4,10,east_west,GREEN,30,3887
595,2975,2,2,13.20963931582889,2,0,0,0,east_west,GREEN,30,2192
595,2975,3,12,13.54051666497517,3,2,4,3,east_west,GREEN,30,2183
596,2980,0,5,12.685195743558488,1,4,0,0,east_west,GREEN,30,2266
596,2980,1,8,14.18272369460682,3,3,0,2,east_west,GREEN,30,3902
596,2980,2,6,13.197995705815712,4,2,0,0,east_west,GREEN,30,2194
596,2980,3,5,13.488864018347803,3,2,0,0,east_west,GREEN,30,2196
597,2985,0,5,12.679868044296967,1,4,0,0,east_west,GREEN,30,2267
597,2985,1,9,14.1627428366916,4,5,0,0,east_west,GREEN,30,3908
597,2985,2,8,13.186436165188914,5,3,0,0,east_west,GREEN,30,2196
597,2985,3,9,13.482417546410403,7,2,0,0,east_west,GREEN,30,2197
598,2990,0,7,12.673867330382985,1,6,0,0,east_west,GREEN,30,2268
598,2990,1,9,14.155365270581648,4,5,0,0,east_west,GREEN,30,3910
598,2990,2,11,13.174928247935934,8,3,0,0,east_west,GREEN,30,2198
598,2990,3,9,13.456866502811533,7,2,0,0,east_west,GREEN,30,2201
599,2995,0,8,12.65133274468808,2,6,0,0,east_west,GREEN,30,2272
599,2995,1,11,14.147644342812457,5,6,0,0,east_west,GREEN,30,3912
599,2995,2,12,13.157728846106863,9,3,0,0,east_west,GREEN,30,2201
599,2995,3,11,13.438562160997154,8,3,0,0,east_west,GREEN,30,2204
600,3000,0,8,12.64606162240749,2,6,0,0,east_west,YELLOW,30,2273
600,3000,1,17,14.136278486404555,8,9,0,0,east_west,YELLOW,30,3915
600,3000,2,12,13.152021562741453,9,3,0,0,east_west,YELLOW,30,2202
600,3000,3,12,13.42662997218245,8,4,0,0,east_west,YELLOW,30,2206
601,3005,0,11,12.64606162240749,2,8,0,1,north_south,GREEN,30,2273
601,3005,1,23,14.136278486404555,9,10,2,2,north_south,GREEN,30,3915
601,3005,2,16,13.152021562741453,9,5,1,1,north_south,GREEN,30,2202
601,3005,3,15,13.42662997218245,8,5,2,0,north_south,GREEN,30,2206
602,3010,0,2,12.685515563281285,0,0,1,1,north_south,GREEN,30,2284
602,3010,1,8,14.16801135008338,0,2,3,3,north_south,GREEN,30,3934
602,3010,2,4,13.198521111803068,0,0,1,3,north_south,GREEN,30,2219
602,3010,3,2,13.481296222401035,0,0,2,0,north_south,GREEN,30,2222
603,3015,0,7,12.679845902267335,0,0,3,4,north_south,GREEN,30,2285
603,3015,1,8,14.15682600790078,0,0,4,4,north_south,GREEN,30,3938
603,3015,2,7,13.167166039566393,0,0,1,6,north_south,GREEN,30,2224
603,3015,3,3,13.475072001975363,0,0,2,1,north_south,GREEN,30,2223
604,3020,0,8,12.669195031749634,0,0,4,4,north_south,GREEN,30,2287
604,3020,1,10,14.143133238903506,0,0,4,6,north_south,GREEN,30,3942
604,3020,2,8,13.149322506904891,0,0,1,7,north_south,GREEN,30,2227
604,3020,3,7,13.444359396274429,0,0,5,2,north_south,GREEN,30,2228
605,3025,0,11,12.658616126573271,0,0,6,5,north_south,GREEN,30,2289
605,3025,1,13,14.143133238903506,0,0,5,8,north_south,GREEN,30,3942
605,3025,2,8,13.129536591957685,0,0,1,7,north_south,GREEN,30,2230
605,3025,3,8,13.438202464278946,0,0,5,3,north_south,GREEN,30,2229
606,3030,0,15,12.647703189075049,0,0,8,7,north_south,GREEN,30,2291
606,3030,1,15,14.132892402794951,0,0,5,10,north_south,GREEN,30,3945
606,3030,2,11,13.11186801988671,0,0,3,8,north_south,GREEN,30,2233
606,3030,3,11,13.413798513503199,0,0,8,3,north_south,GREEN,30,2233
607,3035,0,18,12.637230871986326,0,0,9,9,north_south,YELLOW,30,2293
607,3035,1,17,14.122685832941807,0,0,7,10,north_south,YELLOW,30,3948
607,3035,2,12,13.106337576492894,0,0,4,8,north_south,YELLOW,30,2234
607,3035,3,12,13.389664802072602,0,0,8,4,north_south,YELLOW,30,2237
608,3040,0,20,12.637230871986326,0,0,10,10,east_west,GREEN,30,2293
608,3040,1,22,14.122685832941807,2,3,7,10,east_west,GREEN,30,3948
608,3040,2,13,13.106337576492894,0,0,5,8,east_west,GREEN,30,2234
608,3040,3,17,13.389664802072602,0,0,9,8,east_west,GREEN,30,2237
609,3045,0,6,12.707932391967814,0,2,3,1,east_west,GREEN,30,2313
609,3045,1,9,14.175976987038126,4,4,0,1,east_west,GREEN,30,3965
609,3045,2,2,13.154142479673459,0,1,0,1,east_west,GREEN,30,2251
609,3045,3,2,13.418249012971522,0,2,0,0,east_west,GREEN,30,2255
610,3050,0,5,12.673074054983969,1,4,0,0,east_west,GREEN,30,2321
610,3050,1,14,14.165953042442492,8,6,0,0,east_west,GREEN,30,3968
610,3050,2,2,13.139443109525281,0,2,0,0,east_west,GREEN,30,2254
610,3050,3,3,13.412642852278966,0,3,0,0,east_west,GREEN,30,2256
611,3055,0,7,12.661434450463307,3,4,0,0,east_west,GREEN,30,2323
611,3055,1,16,14.139668497451344,8,8,0,0,east_west,GREEN,30,3975
611,3055,2,4,13.122482916818164,1,3,0,0,east_west,GREEN,30,2257
611,3055,3,6,13.406497560127812,0,6,0,0,east_west,GREEN,30,2257
612,3060,0,7,12.635160066083898,3,4,0,0,east_west,GREEN,30,2328
612,3060,1,19,14.132253492408985,9,10,0,0,east_west,GREEN,30,3977
612,3060,2,6,13.116909132534133,1,5,0,0,east_west,GREEN,30,2258
612,3060,3,8,13.406497560127812,1,7,0,0,east_west,GREEN,30,2257
613,3065,0,9,12.623643306515888,4,5,0,0,east_west,GREEN,30,2330
613,3065,1,25,14.128489703351049,11,14,0,0,east_west,GREEN,30,3978
613,3065,2,7,13.105741041935596,1,6,0,0,east_west,GREEN,30,2260
613,3065,3,9,13.389792908724104,1,8,0,0,east_west,GREEN,30,2260
614,3070,0,10,12.603437065519575,4,6,0,0,east_west,YELLOW,30,2334
614,3070,1,30,14.11746913886096,14,16,0,0,east_west,YELLOW,30,3981
614,3070,2,8,13.105741041935596,2,6,0,0,east_west,YELLOW,30,2260
614,3070,3,12,13.378750373563474,2,10,0,0,east_west,YELLOW,30,2262
615,3075,0,12,12.603437065519575,4,6,0,2,north_south,GREEN,30,2334
615,3075,1,36,14.11746913886096,17,17,1,1,north_south,GREEN,30,3981
615,3075,2,14,13.105741041935596,2,7,2,3,north_south,GREEN,30,2260
615,3075,3,16,13.378750373563474,4,10,0,2,north_south,GREEN,30,2262
616,3080,0,5,12.648902155286684,0,0,0,5,north_south,GREEN,30,2345
616,3080,1,22,14.198780782754312,8,9,4,1,north_south,GREEN,30,4001
616,3080,2,10,13.120395074702694,0,0,4,6,north_south,GREEN,30,2271
616,3080,3,7,13.41053784192171,0,3,1,3,north_south,GREEN,30,2277
617,3085,0,5,12.627306822661104,0,0,0,5,north_south,GREEN,30,2349
617,3085,1,8,14.186958964457506,1,1,4,2,north_south,GREEN,30,4021
617,3085,2,15,13.120395074702694,0,0,5,10,north_south,GREEN,30,2271
617,3085,3,5,13.387554687935591,0,0,2,3,north_south,GREEN,30,2282
618,3090,0,9,12.627306822661104,0,0,3,6,north_south,GREEN,30,2349
618,3090,1,8,14.172557965679887,0,0,4,4,north_south,GREEN,30,4026
618,3090,2,16,13.096553808928968,0,0,5,11,north_south,GREEN,30,2275
618,3090,3,6,13.387554687935591,0,0,2,4,north_south,GREEN,30,2282
619,3095,0,13,12.622134794866895,0,0,4,9,north_south,GREEN,30,2350
619,3095,1,10,14.165782405463071,0,0,5,5,north_south,GREEN,30,4028
619,3095,2,19,13.085729143622642,0,0,6,13,north_south,GREEN,30,2277
619,3095,3,7,13.375674315532514,0,0,2,5,north_south,GREEN,30,2284
620,3100,0,16,12.600717937180583,0,0,6,10,north_south,GREEN,30,2354
620,3100,1,10,14.149075523851453,0,0,5,5,north_south,GREEN,30,4033
620,3100,2,20,13.085729143622642,0,0,6,14,north_south,GREEN,30,2277
620,3100,3,8,13.358031642919098,0,0,3,5,north_south,GREEN,30,2287
621,3105,0,17,12.589668291191536,0,0,6,11,north_south,YELLOW,30,2356
621,3105,1,14,14.13910498169029,0,0,8,6,north_south,YELLOW,30,4036
621,3105,2,22,13.068544638013462,0,0,7,15,north_south,YELLOW,30,2280
621,3105,3,9,13.346276436377716,0,0,4,5,north_south,YELLOW,30,2289
622,3110,0,23,12.589668291191536,0,2,7,14,east_west,GREEN,30,2356
622,3110,1,19,14.13910498169029,1,0,11,7,east_west,GREEN,30,4036
622,3110,2,25,13.068544638013462,0,1,8,16,east_west,GREEN,30,2280
622,3110,3,11,13.346276436377716,0,1,4,6,east_west,GREEN,30,2289
623,3115,0,9,12.676557615773499,1,2,0,6,east_west,GREEN,30,2373
623,3115,1,5,14.157534080780211,2,1,2,0,east_west,GREEN,30,4056
623,3115,2,11,13.21098320407469,2,2,0,7,east_west,GREEN,30,2298
623,3115,3,3,13.386702037987073,2,1,0,0,east_west,GREEN,30,2301
624,3120,0,4,12.66026210812851,2,2,0,0,east_west,GREEN,30,2380
624,3120,1,7,14.153901623376207,4,3,0,0,east_west,GREEN,30,4058
624,3120,2,7,13.226867583526385,4,3,0,0,east_west,GREEN,30,2305
624,3120,3,4,13.381237244378998,3,1,0,0,east_west,GREEN,30,2302
625,3125,0,6,12.633425334767288,2,4,0,0,east_west,GREEN,30,2385
625,3125,1,11,14.153901623376207,7,4,0,0,east_west,GREEN,30,4058
625,3125,2,8,13.210293569421609,4,4,0,0,east_west,GREEN,30,2308
625,3125,3,6,13.369689627684465,4,2,0,0,east_west,GREEN,30,2304
626,3130,0,7,12.628475389290461,2,5,0,0,east_west,GREEN,30,2386
626,3130,1,12,14.13908973436663,7,5,0,0,east_west,GREEN,30,4062
626,3130,2,11,13.210293569421609,6,5,0,0,east_west,GREEN,30,2308
626,3130,3,9,13.358850757252572,6,3,0,0,east_west,GREEN,30,2306
627,3135,0,8,12.622884655543652,3,5,0,0,east_west,GREEN,30,2387
627,3135,1,18,14.120890766877933,12,6,0,0,east_west,GREEN,30,4067
627,3135,2,13,13.19918954533632,7,6,0,0,east_west,GREEN,30,2310
627,3135,3,12,13.33528293765706,8,4,0,0,east_west,GREEN,30,2310
628,3140,0,10,12.6074625645746,4,6,0,0,east_west,YELLOW,30,2390
628,3140,1,23,14.110089191829672,14,9,0,0,east_west,YELLOW,30,4070
628,3140,2,16,13.19918954533632,10,6,0,0,east_west,YELLOW,30,2310
628,3140,3,14,13.323892090917333,10,4,0,0,east_west,YELLOW,30,2312
629,3145,0,12,12.6074625645746,4,6,2,0,north_south,GREEN,30,2390
629,3145,1,27,14.110089191829672,16,9,0,2,north_south,GREEN,30,4070
629,3145,2,21,13.19918954533632,12,6,1,2,north_south,GREEN,30,2310
629,3145,3,20,13.323892090917333,11,6,3,0,north_south,GREEN,30,2312
630,3150,0,4,12.64200240405718,0,0,3,1,north_south,GREEN,30,2403
630,3150,1,10,14.148108778236537,7,1,0,2,north_south,GREEN,30,4090
630,3150,2,9,13.260037506308649,2,0,2,5,north_south,GREEN,30,2328
630,3150,3,8,13.366821087223185,3,0,4,1,north_south,GREEN,30,2329
631,3155,0,6,12.620190579379592,0,0,4,2,north_south,GREEN,30,2407
631,3155,1,5,14.131216787642142,0,0,1,4,north_south,GREEN,30,4102
631,3155,2,8,13.240000629275702,0,0,3,5,north_south,GREEN,30,2333
631,3155,3,7,13.346548179280818,0,0,4,3,north_south,GREEN,30,2334
632,3160,0,10,12.610045127756319,0,0,5,5,north_south,GREEN,30,2409
632,3160,1,8,14.127961997338327,0,0,3,5,north_south,GREEN,30,4103
632,3160,2,12,13.215832758304277,0,0,4,8,north_south,GREEN,30,2337
632,3160,3,10,13.335047855172913,0,0,5,5,north_south,GREEN,30,2336
633,3165,0,11,12.604636941342008,0,0,6,5,north_south,GREEN,30,2410
633,3165,1,12,14.10818925422929,0,0,5,7,north_south,GREEN,30,4109
633,3165,2,14,13.209581026828854,0,0,6,8,north_south,GREEN,30,2338
633,3165,3,12,13.323661550771277,0,0,7,5,north_south,GREEN,30,2338
634,3170,0,12,12.589542488926895,0,0,6,6,north_south,GREEN,30,2413
634,3170,1,15,14.095195064302949,0,0,6,9,north_south,GREEN,30,4113
634,3170,2,15,13.209581026828854,0,0,6,9,north_south,GREEN,30,2338
634,3170,3,12,13.312239651150396,0,0,7,5,north_south,GREEN,30,2340
635,3175,0,14,12.57956106820507,0,0,8,6,north_south,YELLOW,30,2415
635,3175,1,21,14.08219904261276,0,0,11,10,north_south,YELLOW,30,4117
635,3175,2,16,13.1990689061126,0,0,7,9,north_south,YELLOW,30,2340
635,3175,3,14,13.295231274206508,0,0,8,6,north_south,YELLOW,30,2343
636,3180,0,14,12.57956106820507,0,0,8,6,east_west,GREEN,30,2415
636,3180,1,30,14.08219904261276,1,2,12,15,east_west,GREEN,30,4117
636,3180,2,19,13.1990689061126,0,1,8,10,east_west,GREEN,30,2340
636,3180,3,15,13.295231274206508,0,0,9,6,east_west,GREEN,30,2343
637,3185,0,3,12.648195810326431,3,0,0,0,east_west,GREEN,30,2431
637,3185,1,16,14.11556266439746,1,5,3,7,east_west,GREEN,30,4137
637,3185,2,3,13.29583079185529,1,2,0,0,east_west,GREEN,30,2358
637,3185,3,0,13.362684141151728,0,0,0,0,east_west,GREEN,30,2360
638,3190,0,4,12.631709908902383,4,0,0,0,east_west,GREEN,30,2434
638,3190,1,7,14.088114940018722,1,6,0,0,east_west,GREEN,30,4151
638,3190,2,6,13.284769860972453,3,3,0,0,east_west,GREEN,30,2360
638,3190,3,2,13.356738180868089,2,0,0,0,east_west,GREEN,30,2361
639,3195,0,8,12.606689380558308,6,2,0,0,east_west,GREEN,30,2439
639,3195,1,11,14.084517847838587,2,9,0,0,east_west,GREEN,30,4152
639,3195,2,7,13.284769860972453,3,4,0,0,east_west,GREEN,30,2360
639,3195,3,3,13.350812583462135,2,1,0,0,east_west,GREEN,30,2362
640,3200,0,9,12.601248699137063,6,3,0,0,east_west,GREEN,30,2440
640,3200,1,13,14.07044534679688,3,10,0,0,east_west,GREEN,30,4156
640,3200,2,8,13.284769860972453,3,5,0,0,east_west,GREEN,30,2360
640,3200,3,6,13.340116155127543,4,2,0,0,east_west,GREEN,30,2364
641,3205,0,10,12.590975552381126,7,3,0,0,east_west,GREEN,30,2442
641,3205,1,16,14.059718029020503,4,12,0,0,east_west,GREEN,30,4159
641,3205,2,9,13.284769860972453,3,6,0,0,east_west,GREEN,30,2360
641,3205,3,10,13.328888648504531,7,3,0,0,east_west,GREEN,30,2366
642,3210,0,10,12.586140896931127,7,3,0,0,east_west,YELLOW,30,2443
642,3210,1,21,14.049202442129266,7,14,0,0,east_west,YELLOW,30,4162
642,3210,2,11,13.273746014980352,4,7,0,0,east_west,YELLOW,30,2362
642,3210,3,10,13.312410800483018,7,3,0,0,east_west,YELLOW,30,2369
643,3215,0,13,12.586140896931127,8,3,1,1,north_south,GREEN,30,2443
643,3215,1,29,14.049202442129266,8,15,4,2,north_south,GREEN,30,4162
643,3215,2,15,13.273746014980352,5,8,2,0,north_south,GREEN,30,2362
643,3215,3,15,13.312410800483018,7,3,2,3,north_south,GREEN,30,2369
644,3220,0,5,12.620258284590614,0,0,2,3,north_south,GREEN,30,2458
644,3220,1,13,14.096345009411454,0,5,5,3,north_south,GREEN,30,4180
644,3220,2,4,13.308835983133292,0,0,2,2,north_south,GREEN,30,2377
644,3220,3,7,13.320755341931886,0,0,3,4,north_south,GREEN,30,2383
645,3225,0,7,12.614926218282937,0,0,3,4,north_south,GREEN,30,2459
645,3225,1,11,14.089775681035219,0,0,5,6,north_south,GREEN,30,4188
645,3225,2,7,13.296556872500844,0,0,2,5,north_south,GREEN,30,2379
645,3225,3,8,13.309549446852603,0,0,4,4,north_south,GREEN,30,2385
646,3230,0,9,12.609970829520586,0,0,5,4,north_south,GREEN,30,2460
646,3230,1,18,14.089775681035219,0,0,9,9,north_south,GREEN,30,4188
646,3230,2,8,13.279140267880551,0,0,3,5,north_south,GREEN,30,2382
646,3230,3,9,13.29273664532898,0,0,4,5,north_south,GREEN,30,2388
647,3235,0,12,12.604656047058317,0,0,6,6,north_south,GREEN,30,2461
647,3235,1,21,14.076877007626079,0,0,11,10,north_south,GREEN,30,4192
647,3235,2,9,13.257518417025619,0,0,3,6,north_south,GREEN,30,2386
647,3235,3,10,13.27070925375607,0,0,4,6,north_south,GREEN,30,2392
648,3240,0,15,12.579693974109931,0,0,9,6,north_south,GREEN,30,2466
648,3240,1,25,14.06083295133407,0,0,14,11,north_south,GREEN,30,4197
648,3240,2,9,13.246320972941948,0,0,3,6,north_south,GREEN,30,2388
648,3240,3,11,13.2598646991793,0,0,4,7,north_south,GREEN,30,2394
649,3245,0,19,12.579693974109931,0,0,12,7,north_south,YELLOW,30,2466
649,3245,1,30,14.05125701685256,0,0,16,14,north_south,YELLOW,30,4200
649,3245,2,9,13.2249470994466,0,0,3,6,north_south,YELLOW,30,2392
649,3245,3,15,13.237898163897604,0,0,5,10,north_south,YELLOW,30,2398
650,3250,0,25,12.579693974109931,1,1,14,9,east_west,GREEN,30,2466
650,3250,1,34,14.05125701685256,1,1,17,15,east_west,GREEN,30,4200
650,3250,2,10,13.2249470994466,0,0,3,7,east_west,GREEN,30,2392
650,3250,3,21,13.237898163897604,0,2,8,11,east_west,GREEN,30,2398
651,3255,0,8,12.658054620901378,2,1,5,0,east_west,GREEN,30,2485
651,3255,1,19,14.131811053954243,1,3,9,6,east_west,GREEN,30,4220
651,3255,2,1,13.27367665203212,1,0,0,0,east_west,GREEN,30,2405
651,3255,3,5,13.298624847998038,0,4,0,1,east_west,GREEN,30,2418
652,3260,0,4,12.64529257255855,3,1,0,0,east_west,GREEN,30,2492
652,3260,1,11,14.127861497997365,2,5,4,0,east_west,GREEN,30,4236
652,3260,2,4,13.27367665203212,2,2,0,0,east_west,GREEN,30,2405
652,3260,3,5,13.269744136251616,0,5,0,0,east_west,GREEN,30,2424
653,3265,0,5,12.64529257255855,4,1,0,0,east_west,GREEN,30,2492
653,3265,1,9,14.118629042696359,2,7,0,0,east_west,GREEN,30,4240
653,3265,2,5,13.25721427462895,2,3,0,0,east_west,GREEN,30,2408
653,3265,3,8,13.263953234749112,2,6,0,0,east_west,GREEN,30,2425
654,3270,0,9,12.62034872508358,6,3,0,0,east_west,GREEN,30,2497
654,3270,1,13,14.115179768641665,5,8,0,0,east_west,GREEN,30,4241
654,3270,2,5,13.230000246559968,2,3,0,0,east_west,GREEN,30,2413
654,3270,3,9,13.25301913848722,3,6,0,0,east_west,GREEN,30,2427
655,3275,0,11,12.609744493340532,8,3,0,0,east_west,GREEN,30,2499
655,3275,1,14,14.101253668193543,5,9,0,0,east_west,GREEN,30,4245
655,3275,2,6,13.203209303514246,2,4,0,0,east_west,GREEN,30,2418
655,3275,3,10,13.247266682724124,3,7,0,0,east_west,GREEN,30,2428
656,3280,0,16,12.595029417665955,9,7,0,0,east_west,YELLOW,30,2502
656,3280,1,15,14.087394534330542,5,10,0,0,east_west,YELLOW,30,4249
656,3280,2,8,13.197785062515873,2,6,0,0,east_west,YELLOW,30,2419
656,3280,3,10,13.231257231265552,3,7,0,0,east_west,YELLOW,30,2431
657,3285,0,21,12.595029417665955,11,9,1,0,north_south,GREEN,30,2502
657,3285,1,24,14.087394534330542,7,11,4,2,north_south,GREEN,30,4249
657,3285,2,12,13.197785062515873,3,6,0,3,north_south,GREEN,30,2419
657,3285,3,16,13.231257231265552,5,10,1,0,north_south,GREEN,30,2431
658,3290,0,4,12.635711576506793,2,0,1,1,north_south,GREEN,30,2521
658,3290,1,15,14.120914424059993,0,4,7,4,north_south,GREEN,30,4268
658,3290,2,7,13.220340451744653,0,0,1,6,north_south,GREEN,30,2429
658,3290,3,4,13.281106439821178,0,0,3,1,north_south,GREEN,30,2446
659,3295,0,3,12.605946642473816,0,0,2,1,north_south,GREEN,30,2528
659,3295,1,15,14.104608542586178,0,0,8,7,north_south,GREEN,30,4275
659,3295,2,9,13.220340451744653,0,0,2,7,north_south,GREEN,30,2429
659,3295,3,4,13.270028641867826,0,0,3,1,north_south,GREEN,30,2448
660,3300,0,5,12.596289873693753,0,0,3,2,north_south,GREEN,30,2530
660,3300,1,16,14.098297075423373,0,0,9,7,north_south,GREEN,30,4277
660,3300,2,10,13.210232588855241,0,0,2,8,north_south,GREEN,30,2431
660,3300,3,4,13.264702379321813,0,0,3,1,north_south,GREEN,30,2449
661,3305,0,11,12.596289873693753,0,0,8,3,north_south,GREEN,30,2530
661,3305,1,24,14.098297075423373,0,0,14,10,north_south,GREEN,30,4277
661,3305,2,15,13.205203676873134,0,0,6,9,north_south,GREEN,30,2432
661,3305,3,5,13.264702379321813,0,0,3,2,north_south,GREEN,30,2449
662,3310,0,13,12.596289873693753,0,0,10,3,north_south,GREEN,30,2530
662,3310,1,27,14.082578600084707,0,0,15,12,north_south,GREEN,30,4282
662,3310,2,16,13.199233042742176,0,0,7,9,north_south,GREEN,30,2433
662,3310,3,7,13.259191267463748,0,0,3,4,north_south,GREEN,30,2450
663,3315,0,16,12.586692806729946,0,0,12,4,north_south,YELLOW,30,2532
663,3315,1,31,14.070074411892268,0,0,16,15,north_south,YELLOW,30,4286
663,3315,2,19,13.183273852311732,0,0,9,10,north_south,YELLOW,30,2436
663,3315,3,12,13.253882297977949,0,0,6,6,north_south,YELLOW,30,2451
664,3320,0,17,12.586692806729946,0,0,12,5,east_west,GREEN,30,2532
664,3320,1,35,14.070074411892268,1,0,18,16,east_west,GREEN,30,4286
664,3320,2,29,13.183273852311732,3,1,14,11,east_west,GREEN,30,2436
664,3320,3,16,13.253882297977949,1,0,7,8,east_west,GREEN,30,2451
665,3325,0,6,12.629275859682958,2,1,3,0,east_west,GREEN,30,2549
665,3325,1,21,14.154322841736835,2,0,9,10,east_west,GREEN,30,4306
665,3325,2,14,13.276737211589989,4,4,4,2,east_west,GREEN,30,2456
665,3325,3,2,13.27683590174259,2,0,0,0,east_west,GREEN,30,2466
666,3330,0,6,12.613745246628802,5,1,0,0,east_west,GREEN,30,2555
666,3330,1,12,14.150766610028533,3,4,2,3,east_west,GREEN,30,4326
666,3330,2,11,13.251216115201835,5,6,0,0,east_west,GREEN,30,2465
666,3330,3,3,13.27119316456043,3,0,0,0,east_west,GREEN,30,2467
667,3335,0,6,12.6090941504012,5,1,0,0,east_west,GREEN,30,2556
667,3335,1,8,14.136243097573104,4,4,0,0,east_west,GREEN,30,4332
667,3335,2,14,13.230131052537697,7,7,0,0,east_west,GREEN,30,2469
667,3335,3,5,13.266102306720509,5,0,0,0,east_west,GREEN,30,2468
668,3340,0,7,12.6090941504012,6,1,0,0,east_west,GREEN,30,2556
668,3340,1,11,14.115817218921523,6,5,0,0,east_west,GREEN,30,4338
668,3340,2,16,13.219469610492677,9,7,0,0,east_west,GREEN,30,2471
668,3340,3,6,13.250924446834977,5,1,0,0,east_west,GREEN,30,2471
669,3345,0,8,12.599287301237421,6,2,0,0,east_west,GREEN,30,2558
669,3345,1,13,14.102353479541172,7,6,0,0,east_west,GREEN,30,4342
669,3345,2,21,13.21416395555648,11,10,0,0,east_west,GREEN,30,2472
669,3345,3,6,13.2352597427152,5,1,0,0,east_west,GREEN,30,2474
670,3350,0,9,12.59413360214553,6,3,0,0,east_west,YELLOW,30,2559
670,3350,1,15,14.09228005321108,7,8,0,0,east_west,YELLOW,30,4345
670,3350,2,23,13.193193287632875,12,11,0,0,east_west,YELLOW,30,2476
670,3350,3,9,13.224065960304294,8,1,0,0,east_west,YELLOW,30,2476
671,3355,0,14,12.59413360214553,6,7,1,0,north_south,GREEN,30,2559
671,3355,1,24,14.09228005321108,9,11,3,1,north_south,GREEN,30,4345
671,3355,2,26,13.193193287632875,13,13,0,0,north_south,GREEN,30,2476
671,3355,3,13,13.224065960304294,10,2,1,0,north_south,GREEN,30,2476
672,3360,0,3,12.61541619816745,0,0,2,1,north_south,GREEN,30,2575
672,3360,1,8,14.115559296407245,0,1,4,3,north_south,GREEN,30,4365
672,3360,2,12,13.314233144556736,3,8,0,1,north_south,GREEN,30,2496
672,3360,3,3,13.232868018652841,0,0,3,0,north_south,GREEN,30,2491
673,3365,0,5,12.605600268930882,0,0,3,2,north_south,GREEN,30,2577
673,3365,1,8,14.105435387983619,0,0,5,3,north_south,GREEN,30,4369
673,3365,2,2,13.289503567560011,0,0,0,2,north_south,GREEN,30,2508
673,3365,3,4,13.222200403900061,0,0,4,0,north_south,GREEN,30,2493
674,3370,0,9,12.595574824376792,0,0,7,2,north_south,GREEN,30,2579
674,3370,1,14,14.089962796889948,0,0,7,7,north_south,GREEN,30,4374
674,3370,2,5,13.289503567560011,0,0,0,5,north_south,GREEN,30,2508
674,3370,3,4,13.206352387116702,0,0,4,0,north_south,GREEN,30,2496
675,3375,0,9,12.59058541708708,0,0,7,2,north_south,GREEN,30,2580
675,3375,1,18,14.077632764100054,0,0,8,10,north_south,GREEN,30,4378
675,3375,2,9,13.283694679961988,0,0,1,8,north_south,GREEN,30,2509
675,3375,3,5,13.200968894221958,0,0,5,0,north_south,GREEN,30,2497
676,3380,0,13,12.57113702981814,0,0,10,3,north_south,GREEN,30,2584
676,3380,1,20,14.062311789393917,0,0,10,10,north_south,GREEN,30,4383
676,3380,2,11,13.277904292005994,0,0,1,10,north_south,GREEN,30,2510
676,3380,3,6,13.200968894221958,0,0,6,0,north_south,GREEN,30,2497
677,3385,0,15,12.561457520835532,0,0,11,4,north_south,YELLOW,30,2586
677,3385,1,22,14.053132850980429,0,0,12,10,north_south,YELLOW,30,4386
677,3385,2,12,13.272132315458446,0,0,2,10,north_south,YELLOW,30,2511
677,3385,3,9,13.190588419592395,0,0,7,2,north_south,YELLOW,30,2499
678,3390,0,20,12.561457520835532,1,3,11,5,east_west,GREEN,30,2586
678,3390,1,30,14.053132850980429,2,2,14,12,east_west,GREEN,30,4386
678,3390,2,14,13.272132315458446,2,0,2,10,east_west,GREEN,30,2511
678,3390,3,16,13.190588419592395,2,0,9,5,east_west,GREEN,30,2499
679,3395,0,7,12.62252189477879,2,4,1,0,east_west,GREEN,30,2601
679,3395,1,19,14.115186264104045,3,5,9,2,east_west,GREEN,30,4406
679,3395,2,7,13.295287222288154,2,3,0,2,east_west,GREEN,30,2526
679,3395,3,5,13.201419806476672,4,1,0,0,east_west,GREEN,30,2514
680,3400,0,9,12.609231642947325,2,7,0,0,east_west,GREEN,30,2605
680,3400,1,8,14.093458032202799,3,5,0,0,east_west,GREEN,30,4419
680,3400,2,7,13.278437337820744,3,4,0,0,east_west,GREEN,30,2530
680,3400,3,7,13.196445816240194,5,2,0,0,east_west,GREEN,30,2515
681,3405,0,13,12.609231642947325,3,10,0,0,east_west,GREEN,30,2605
681,3405,1,14,14.080158513795709,7,7,0,0,east_west,GREEN,30,4423
681,3405,2,8,13.268206148203156,4,4,0,0,east_west,GREEN,30,2532
681,3405,3,12,13.17559019872438,7,5,0,0,east_west,GREEN,30,2519
682,3410,0,17,12.604132062724592,6,11,0,0,east_west,GREEN,30,2606
682,3410,1,18,14.080158513795709,8,10,0,0,east_west,GREEN,30,4423
682,3410,2,11,13.252779456168538,5,6,0,0,east_west,GREEN,30,2535
682,3410,3,15,13.149965523678064,8,7,0,0,east_west,GREEN,30,2524
683,3415,0,21,12.604132062724592,8,13,0,0,east_west,GREEN,30,2606
683,3415,1,19,14.076866908330105,8,11,0,0,east_west,GREEN,30,4424
683,3415,2,12,13.242712760334102,5,7,0,0,east_west,GREEN,30,2537
683,3415,3,18,13.134796293481793,10,8,0,0,east_west,GREEN,30,2527
684,3420,0,24,12.599538254483193,8,16,0,0,east_west,YELLOW,30,2607
684,3420,1,21,14.0603549829145,8,13,0,0,east_west,YELLOW,30,4429
684,3420,2,14,13.227732368276202,7,7,0,0,east_west,YELLOW,30,2540
684,3420,3,20,13.129941347381605,11,9,0,0,east_west,YELLOW,30,2528
685,3425,0,27,12.599538254483193,8,17,2,0,north_south,GREEN,30,2607
685,3425,1,25,14.0603549829145,9,13,3,0,north_south,GREEN,30,4429
685,3425,2,18,13.227732368276202,9,7,0,2,north_south,GREEN,30,2540
685,3425,3,24,13.129941347381605,13,9,1,1,north_south,GREEN,30,2528
686,3430,0,11,12.697037798342677,0,8,3,0,north_south,GREEN,30,2627
686,3430,1,10,14.118217795270711,0,5,3,2,north_south,GREEN,30,4449
686,3430,2,7,13.286669845212655,0,0,3,4,north_south,GREEN,30,2557
686,3430,3,8,13.223884719209016,5,0,2,1,north_south,GREEN,30,2547
687,3435,0,6,12.7046651065019,0,0,4,2,north_south,GREEN,30,2635
687,3435,1,6,14.113525611609841,0,0,4,2,north_south,GREEN,30,4455
687,3435,2,9,13.286669845212655,0,0,4,5,north_south,GREEN,30,2557
687,3435,3,4,13.21558028486446,0,0,3,1,north_south,GREEN,30,2552
688,3440,0,7,12.699749208594998,0,0,5,2,north_south,GREEN,30,2636
688,3440,1,9,14.104412627269122,0,0,6,3,north_south,GREEN,30,4458
688,3440,2,14,13.275197772501155,0,0,7,7,north_south,GREEN,30,2559
688,3440,3,6,13.210235020372854,0,0,4,2,north_south,GREEN,30,2553
689,3445,0,9,12.694848028945302,0,0,5,4,north_south,GREEN,30,2637
689,3445,1,11,14.101382057689781,0,0,8,3,north_south,GREEN,30,4459
689,3445,2,17,13.253945595348522,0,0,7,10,north_south,GREEN,30,2563
689,3445,3,7,13.210235020372854,0,0,4,3,north_south,GREEN,30,2553
690,3450,0,10,12.68508956080695,0,0,5,5,north_south,GREEN,30,2639
690,3450,1,13,14.101382057689781,0,0,9,4,north_south,GREEN,30,4459
690,3450,2,17,13.220851346663746,0,0,7,10,north_south,GREEN,30,2569
690,3450,3,8,13.210235020372854,0,0,5,3,north_south,GREEN,30,2553
691,3455,0,10,12.680401627257012,0,0,5,5,north_south,YELLOW,30,2640
691,3455,1,14,14.089282096561607,0,0,10,4,north_south,YELLOW,30,4463
691,3455,2,18,13.209696703288838,0,0,7,11,north_south,YELLOW,30,2571
691,3455,3,11,13.189366052337418,0,0,5,6,north_south,YELLOW,30,2557
692,3460,0,14,12.680401627257012,1,2,5,6,east_west,GREEN,30,2640
692,3460,1,17,14.089282096561607,0,0,12,5,east_west,GREEN,30,4463
692,3460,2,21,13.209696703288838,0,1,9,11,east_west,GREEN,30,2571
692,3460,3,13,13.189366052337418,0,0,6,7,east_west,GREEN,30,2557
693,3465,0,3,12.717835830895357,1,2,0,0,east_west,GREEN,30,2655
693,3465,1,9,14.116618301053823,2,1,6,0,east_west,GREEN,30,4481
693,3465,2,3,13.304689571109733,0,1,0,2,east_west,GREEN,30,2591
693,3465,3,2,13.216200498965813,1,1,0,0,east_west,GREEN,30,2572
694,3470,0,3,12.708663388987489,1,2,0,0,east_west,GREEN,30,2657
694,3470,1,5,14.095920471060465,4,1,0,0,east_west,GREEN,30,4490
694,3470,2,4,13.282042464480085,3,1,0,0,east_west,GREEN,30,2597
694,3470,3,4,13.216200498965813,3,1,0,0,east_west,GREEN,30,2572
695,3475,0,3,12.708663388987489,1,2,0,0,east_west,GREEN,30,2657
695,3475,1,9,14.082930302354148,6,3,0,0,east_west,GREEN,30,4494
695,3475,2,8,13.27695555173436,3,5,0,0,east_west,GREEN,30,2598
695,3475,3,6,13.206040140384657,4,2,0,0,east_west,GREEN,30,2574
696,3480,0,6,12.699082806429864,3,3,0,0,east_west,GREEN,30,2659
696,3480,1,13,14.082930302354148,8,5,0,0,east_west,GREEN,30,4494
696,3480,2,12,13.27695555173436,4,8,0,0,east_west,GREEN,30,2598
696,3480,3,8,13.195910877515109,6,2,0,0,east_west,GREEN,30,2576
697,3485,0,9,12.68953124625272,4,5,0,0,east_west,GREEN,30,2661
697,3485,1,17,14.07643358195389,9,8,0,0,east_west,GREEN,30,4496
697,3485,2,14,13.27188375611418,5,9,0,0,east_west,GREEN,30,2599
697,3485,3,8,13.185812567704037,6,2,0,0,east_west,GREEN,30,2578
698,3490,0,10,12.684992575788304,4,6,0,0,east_west,YELLOW,30,2662
698,3490,1,19,14.069948599200394,10,9,0,0,east_west,YELLOW,30,4498
698,3490,2,15,13.266827010332637,5,10,0,0,east_west,YELLOW,30,2600
698,3490,3,9,13.175745069170265,6,3,0,0,east_west,YELLOW,30,2580
699,3495,0,15,12.684992575788304,5,7,1,2,north_south,GREEN,30,2662
699,3495,1,25,14.069948599200394,13,11,0,1,north_south,GREEN,30,4498
699,3495,2,21,13.266827010332637,7,13,1,0,north_south,GREEN,30,2600
699,3495,3,12,13.175745069170265,6,6,0,0,north_south,GREEN,30,2580
700,3500,0,4,12.71403816823016,0,0,1,3,north_south,GREEN,30,2675
700,3500,1,9,14.10309223046901,3,1,1,4,north_south,GREEN,30,4518
700,3500,2,8,13.316368244669953,0,4,2,2,north_south,GREEN,30,2617
700,3500,3,2,13.203892540213946,0,0,1,1,north_south,GREEN,30,2593
701,3505,0,5,12.699733271938797,0,0,1,4,north_south,GREEN,30,2678
701,3505,1,9,14.099613737823045,0,0,1,8,north_south,GREEN,30,4522
701,3505,2,7,13.287638244532943,0,0,2,5,north_south,GREEN,30,2625
701,3505,3,3,13.193570531702747,0,0,1,2,north_south,GREEN,30,2595
702,3510,0,6,12.699733271938797,0,0,1,5,north_south,GREEN,30,2678
702,3510,1,11,14.08763015321668,0,0,2,9,north_south,GREEN,30,4526
702,3510,2,8,13.278017214855119,0,0,2,6,north_south,GREEN,30,2627
702,3510,3,8,13.173174115578902,0,0,6,2,north_south,GREEN,30,2599
703,3515,0,6,12.699733271938797,0,0,1,5,north_south,GREEN,30,2678
703,3515,1,13,14.075702889018416,0,0,3,10,north_south,GREEN,30,4530
703,3515,2,9,13.272566161554412,0,0,2,7,north_south,GREEN,30,2628
703,3515,3,9,13.157633369774999,0,0,7,2,north_south,GREEN,30,2602
704,3520,0,10,12.695100931208286,0,0,2,8,north_south,GREEN,30,2679
704,3520,1,14,14.069747561364164,0,0,4,10,north_south,GREEN,30,4532
704,3520,2,9,13.26234328315207,0,0,2,7,north_south,GREEN,30,2630
704,3520,3,10,13.147588007336019,0,0,7,3,north_south,GREEN,30,2604
705,3525,0,12,12.690292822397751,0,0,3,9,north_south,YELLOW,30,2680
705,3525,1,18,14.048975317483489,0,0,7,11,north_south,YELLOW,30,4539
705,3525,2,9,13.26234328315207,0,0,2,7,north_south,YELLOW,30,2630
705,3525,3,10,13.137603341951051,0,0,7,3,north_south,YELLOW,30,2606
706,3530,0,17,12.690292822397751,3,0,3,11,east_west,GREEN,30,2680
706,3530,1,23,14.048975317483489,3,1,7,12,east_west,GREEN,30,4539
706,3530,2,12,13.26234328315207,3,0,2,7,east_west,GREEN,30,2630
706,3530,3,17,13.137603341951051,3,1,8,5,east_west,GREEN,30,2606
707,3535,0,6,12.738854305616334,4,0,0,2,east_west,GREEN,30,2693
707,3535,1,8,14.085694776601487,4,1,0,3,east_west,GREEN,30,4558
707,3535,2,5,13.321866551729888,4,1,0,0,east_west,GREEN,30,2639
707,3535,3,4,13.176284008621082,3,1,0,0,east_west,GREEN,30,2619
708,3540,0,6,12.725582189294753,4,2,0,0,east_west,GREEN,30,2697
708,3540,1,8,14.060361689221157,6,2,0,0,east_west,GREEN,30,4568
708,3540,2,7,13.316817482093636,6,1,0,0,east_west,GREEN,30,2640
708,3540,3,6,13.155848379028503,4,2,0,0,east_west,GREEN,30,2623
709,3545,0,7,12.71614333613599,4,3,0,0,east_west,GREEN,30,2699
709,3545,1,10,14.047573161000361,7,3,0,0,east_west,GREEN,30,4572
709,3545,2,9,13.297096396592863,7,2,0,0,east_west,GREEN,30,2644
709,3545,3,7,13.15065352877896,5,2,0,0,east_west,GREEN,30,2624
710,3550,0,7,12.701817575731392,4,3,0,0,east_west,GREEN,30,2702
710,3550,1,13,14.03799278365263,8,5,0,0,east_west,GREEN,30,4575
710,3550,2,16,13.277216132393985,10,6,0,0,east_west,GREEN,30,2648
710,3550,3,12,13.136007973102213,7,5,0,0,east_west,GREEN,30,2627
711,3555,0,10,12.701817575731392,5,5,0,0,east_west,GREEN,30,2702
711,3555,1,15,14.028440701400104,9,6,0,0,east_west,GREEN,30,4578
711,3555,2,19,13.277216132393985,11,8,0,0,east_west,GREEN,30,2648
711,3555,3,16,13.126132385949369,10,6,0,0,east_west,GREEN,30,2629
712,3560,0,11,12.678238564606186,6,5,0,0,east_west,YELLOW,30,2707
712,3560,1,17,14.015765348558075,10,7,0,0,east_west,YELLOW,30,4582
712,3560,2,22,13.272240342951571,13,9,0,0,east_west,YELLOW,30,2649
712,3560,3,17,13.11160093500498,11,6,0,0,east_west,YELLOW,30,2632
713,3565,0,17,12.678238564606186,10,7,0,0,north_south,GREEN,30,2707
713,3565,1,21,14.015765348558075,11,8,1,1,north_south,GREEN,30,4582
713,3565,2,24,13.272240342951571,13,11,0,0,north_south,GREEN,30,2649
713,3565,3,22,13.11160093500498,13,8,1,0,north_south,GREEN,30,2632
714,3570,0,6,12.708147738396338,0,0,5,1,north_south,GREEN,30,2726
714,3570,1,6,14.052403466847908,1,1,3,1,north_south,GREEN,30,4602
714,3570,2,10,13.354300924346443,5,3,1,1,north_south,GREEN,30,2669
714,3570,3,7,13.174190211643328,5,0,2,0,north_south,GREEN,30,2651
715,3575,0,6,12.703556661587836,0,0,5,1,north_south,GREEN,30,2727
715,3575,1,7,14.03494871486303,0,0,4,3,north_south,GREEN,30,4609
715,3575,2,6,13.344408977531073,0,0,3,3,north_south,GREEN,30,2677
715,3575,3,2,13.151021611853317,0,0,2,0,north_south,GREEN,30,2659
716,3580,0,8,12.689521844860007,0,0,6,2,north_south,GREEN,30,2730
716,3580,1,12,14.032008550689978,0,0,7,5,north_south,GREEN,30,4610
716,3580,2,9,13.329570235982912,0,0,4,5,north_south,GREEN,30,2680
716,3580,3,3,13.151021611853317,0,0,2,1,north_south,GREEN,30,2659
717,3585,0,9,12.684957363675345,0,0,6,3,north_south,GREEN,30,2731
717,3585,1,15,14.005740471548123,0,0,9,6,north_south,GREEN,30,4619
717,3585,2,12,13.324261913401985,0,0,6,6,north_south,GREEN,30,2681
717,3585,3,7,13.146117862195439,0,0,2,5,north_south,GREEN,30,2660
718,3590,0,13,12.67586797773248,0,0,7,6,north_south,GREEN,30,2733
718,3590,1,18,14.00282919133917,0,0,12,6,north_south,GREEN,30,4620
718,3590,2,14,13.319525974455521,0,0,6,8,north_south,GREEN,30,2682
718,3590,3,7,13.141051304392938,0,0,2,5,north_south,GREEN,30,2661
719,3595,0,14,12.657259560432315,0,0,7,7,north_south,YELLOW,30,2737
719,3595,1,23,13.999931979380824,0,0,16,7,north_south,YELLOW,30,4621
719,3595,2,17,13.314804236225536,0,0,8,9,north_south,YELLOW,30,2683
719,3595,3,7,13.126236211239732,0,0,2,5,north_south,YELLOW,30,2664
